GSM_ID,100152367_TGI_at,100148025_TGI_at,100122391_TGI_at,100146289_TGI_at,100160445_TGI_at,100121818_TGI_at,100139653_TGI_at,100137227_TGI_at,100147092_TGI_at,100155952_TGI_at,100134865_TGI_at,100134610_TGI_at,100146924_TGI_at,100152843_TGI_at,100148916_TGI_at,Type
GSM616704,16.33401,8.87146,20.49353,0.3570663,29.52816,16.8399,9.819823,12.03252,3.3769190000000004,15.60883,2.988455,2.071964,5.07412,13.283,24.24323,1
GSM616705,28.734720000000003,11.34976,15.635129999999998,5.311647,30.76221,22.53252,13.74358,33.63026,5.0086879999999985,0.800795,12.16153,8.910336000000003,6.3314010000000005,10.4167,22.4959,1
GSM616706,29.92636,17.73273,18.01905,0.6696835999999999,31.35338,22.15621,1.052139,42.66868,4.033777,2.090994,4.274292,3.294251,2.30532,5.7427980000000005,23.61973,1
GSM616707,3.6565190000000003,9.588376,18.16581,3.391886,27.29182,17.79277,22.99195,27.96749,11.0264,24.2511,0.7450211999999999,6.210614,9.062814,2.433293,25.51554,1
GSM616708,28.3664,15.91376,16.77525,10.75167,27.023000000000003,22.9448,11.48673,29.5007,3.2864760000000004,14.882270000000002,9.112702,9.35105,6.2716949999999985,17.3837,21.43606,1
GSM616709,26.042920000000002,13.02217,18.85034,11.21359,32.95498,22.77397,22.36738,36.25949,7.7111839999999985,12.2644,4.106783999999998,4.709455,7.475498,9.567424,26.04029,1
GSM616710,20.60114,29.9905,9.627224,7.024885,18.91862,22.02201,27.39997,29.40626,13.30812,16.68146,29.67442,6.8490199999999986,17.05399,15.01579,19.96467,2
GSM616711,30.18924,24.47548,19.66263,8.739284,32.152120000000004,21.76017,11.15023,31.870240000000006,1.964029,13.63315,9.497021,11.73229,7.976914,16.16149,19.06315,2
GSM616712,25.37781,22.90527,9.042912,13.33289,24.42844,16.771720000000002,22.59653,22.04076,17.1723,16.49398,23.0398,10.98771,17.59688,22.06831,19.46788,2
GSM616713,31.04484,27.62606,16.556179999999998,4.451037,25.40012,27.3221,24.04169,29.61197,3.246849,19.15388,6.824762,16.40244,3.734436,18.02686,17.27443,2
GSM616714,27.684520000000003,34.65026,12.66114,8.993431,25.33066,19.46684,34.14921,22.00181,4.900268,23.68825,24.27999,14.00696,9.806901,6.797687,25.92964,2
GSM616715,9.051174000000001,25.80384,16.27918,9.304124,28.99479,16.67137,26.96873,5.7989510000000015,16.52679,8.414621,2.617772,7.269471,16.650479999999998,16.95151,26.80236,2
GSM616716,21.62138,30.08128,16.165860000000002,10.43332,29.70836,15.40366,30.89896,5.245237,10.79424,23.44917,17.51922,5.9119410000000014,20.12776,6.247346,17.63239,2
GSM616717,0.38021740000000004,24.65466,8.456886,18.50457,20.05244,6.21362,22.8105,0.7880891999999999,26.97021,5.291307,0.6301277,12.62488,23.15571,0.1984325,8.482248,2
GSM616718,6.3386510000000005,35.41964,9.272487,19.16783,27.72328,10.40959,16.85949,1.396962,23.00919,15.20211,16.26156,9.960803,21.62133,6.335568,13.11872,2
GSM616719,7.066998,28.05861,5.658373,15.944870000000002,17.17531,7.395347,10.74518,3.015043,27.86567,7.581025,10.69568,18.59128,22.24786,2.571554,10.99964,2
GSM616720,28.614309999999996,23.57775,13.23955,5.199033999999998,24.76563,17.80483,12.09767,9.87434,17.683139999999995,16.05886,16.86644,5.539773,19.16713,12.07164,15.78896,2
GSM616721,29.74878,22.97866,18.08665,6.027539,28.25058,21.28755,19.82352,33.2947,4.482605,23.46547,22.38381,13.219120000000002,7.436265,5.17752,18.56794,2
GSM616722,19.661620000000003,27.71182,18.26911,17.17291,35.36232000000001,14.31659,28.529020000000006,14.08372,17.65747,16.547629999999998,4.232462,4.575869,20.11329,6.162766,18.26579,2
GSM616723,7.684355,27.8112,8.217455000000001,20.36678,17.8875,2.524585,16.651220000000002,1.427766,25.21461,4.323446,6.150277,9.798408,26.79142,6.302645,15.65537,2
GSM616724,2.0985139999999998,23.19344,8.389789,15.068320000000002,25.07775,4.4421230000000005,5.451333,1.00075,27.18478,6.954016,0.379718,14.56839,26.39461,1.140262,8.468073,2
GSM616725,25.00844,24.67943,11.85045,10.56206,23.3988,17.6878,32.82133,19.17519,9.959342,13.99988,28.49353,9.890409,14.71127,10.05361,18.08814,2
GSM616726,17.59789,30.38757,16.33759,10.81119,21.03193,18.89428,35.77103,15.03062,5.49338,21.85298,29.01788,6.204484,11.74301,6.291945,19.95834,2
GSM616727,8.848192999999998,31.72416,12.81575,11.63883,23.75215,14.51786,27.39214,7.1033979999999985,22.05138,18.6517,11.72733,7.955802,21.8245,9.144519,19.03701,2
GSM616728,25.67536,30.03761,6.554083,6.6811630000000015,18.41726,11.38155,12.88213,17.03654,20.47555,17.5996,12.95572,10.89137,19.4809,2.880884,15.5616,2
GSM616729,18.221770000000003,24.8435,11.30434,8.933396,27.69896,15.16579,17.81935,7.683488,13.979779999999998,12.15002,11.77694,7.733414,21.66747,16.60514,15.11234,2
GSM616730,0.05019763,22.94116,3.308276,17.42159,11.26497,0.338604,1.186586,0.3069217,47.6893,0.5977621,0.08281533,10.70007,30.29454,0.2367391,5.010162,2
GSM616731,16.6632,20.88024,10.04096,19.32196,20.01774,17.53181,8.416107,7.342060000000001,10.77973,23.839270000000006,30.5672,1.208614,18.03612,22.93491,16.943920000000002,2
GSM616732,16.64807,23.70006,10.91387,15.3749,26.39691,13.26239,29.18337,5.435907,22.3302,18.43856,6.998129,8.969237,19.80998,9.483529,12.31473,2
GSM616733,28.39033,30.93361,13.84152,5.959879,23.41592,14.16886,29.261090000000006,15.190929999999998,12.42042,20.97315,21.54046,7.293139,13.39882,3.944492,21.31,2
GSM616734,0.9293454,39.42637,12.55538,13.59449,27.50185,4.850034,24.61337,0.7243512,44.35027,5.809837,7.247994,4.867384,28.376240000000006,10.20095,14.945620000000002,2
GSM616735,1.693008,26.4801,11.1381,22.47577,24.92455,2.494578,13.89707,0.4371423,25.08103,11.22242,5.4296440000000015,0.8357503000000001,23.15746,3.659524,15.38217,2
GSM616736,9.603539999999999,16.73165,11.88212,13.71904,29.31213,6.702147999999998,35.73559,1.545839,22.92251,17.76473,0.7857187,5.354585,23.43391,6.458903,16.56017,2
GSM616737,5.423082,19.59653,14.89209,7.43343,29.31748,11.50208,26.58488,2.611322,29.11916,14.52949,10.78596,7.427378999999998,25.18821,5.304842,16.23281,2
GSM616738,0.3231007,19.84634,4.743047,19.27734,12.91179,3.985104,11.88819,1.370466,34.42748,3.595739,0.5772695999999999,10.46018,24.71809,1.028803,11.34767,2
GSM616739,1.004326,25.29691,7.242845,22.83774,11.62636,1.500717,0.7072828,0.1762598,27.30245,3.129381,0.323421,16.19193,24.56116,0.1244354,4.972032,2
GSM616740,20.6711,30.4781,3.473434,8.456512,9.974972,18.15343,26.90356,19.12945,12.38614,19.27969,24.47347,8.797407000000002,14.765720000000002,8.414508,19.80539,2
GSM616741,13.10215,29.87055,16.25992,9.586123,27.410940000000004,18.16128,27.98664,12.25194,13.75278,22.647070000000006,12.88331,5.454961,15.01191,11.57885,17.84317,2
GSM616742,7.791794,34.2999,11.53092,13.35687,26.34902,12.15075,24.82705,5.165344,19.47738,23.97743,6.6251690000000005,10.86526,19.97643,8.812572,13.36387,2
GSM616743,20.41735,24.32771,10.0471,8.907548,26.23276,17.41617,35.10463,19.65089,5.744553,20.73751,18.21647,3.699695,12.81345,20.22111,18.89399,2
GSM616744,25.09229,21.89836,14.7035,5.50935,23.39589,19.237920000000006,30.72256,22.41004,8.621029,24.20948,25.87799,9.719747,12.7767,8.131341,13.719129999999998,2
GSM616745,13.05821,25.11633,8.49387,27.91516,20.90141,9.203568,7.879633,9.487601,25.2304,13.825729999999998,4.664004,11.25561,22.13815,1.320813,10.02298,2
GSM616746,23.79502,32.85468,8.243580999999999,22.72405,20.56853,14.859470000000002,24.00488,13.80117,11.09297,20.12994,22.05149,5.461936,14.99004,11.40608,24.09379,2
GSM616747,24.79851,26.16523,7.928985000000001,11.14744,18.99473,20.69986,32.60837,26.2193,6.163737,25.05149,21.68988,8.222363,9.46823,11.14496,20.19699,2
GSM616748,3.312494,26.3416,15.97566,21.94461,28.966390000000004,6.386684,38.10279,13.48996,12.94117,25.31537,21.74198,10.08887,17.92788,2.860764,19.40303,2
GSM616749,25.33895,26.76102,4.269121,12.11954,20.14199,20.05122,6.062136,25.73328,6.113586,8.015385,21.78199,7.327257,7.082446000000001,14.07275,26.53658,2
GSM616750,29.095470000000002,15.617920000000002,21.19881,5.248745,37.58242,24.121920000000006,11.64454,33.77192,3.687521,3.69189,5.720749,12.81007,5.686804,5.270441,24.64295,3
GSM616751,31.34899,13.41936,22.58505,2.130991,33.37519,23.72514,0.523596,35.46291,7.8253309999999985,8.043453,4.478605,12.3246,6.680202,11.97031,21.47339,3
GSM616752,29.1342,12.89926,16.69825,1.214895,30.95097,26.14703,0.9773442,32.03693,1.850231,1.872113,6.618263000000002,10.16779,2.465569,13.66831,22.68038,3
GSM616753,29.826790000000003,23.51561,19.57466,4.007127,25.85933,21.36724,24.31147,31.48869,7.561716,9.264547,5.066683,15.06371,7.918994,0.8337993,23.38172,3
GSM616754,23.60926,21.12073,21.61554,5.607757,33.04155,15.66603,10.55651,15.703120000000002,16.99341,4.07983,7.417103,8.711897,17.12286,7.959589,16.95192,3
GSM616755,27.11562,20.07254,22.84039,4.810961,35.48496,15.79354,24.9576,28.30387,9.092905,4.705222,6.860355,18.18253,12.36631,2.600562,23.0768,3
GSM616756,28.51445,11.21147,18.04428,4.0513949999999985,28.94423,21.41994,13.88933,32.24426,3.424258,16.47622,8.505278,13.53805,5.649412,10.00613,19.29626,3
GSM616757,23.30463,18.12788,19.82343,4.120171,28.56887,23.77425,18.17638,28.24335,9.218172,14.11117,6.649467,15.39703,12.08166,9.788888,20.47897,3
GSM616758,31.19285,12.01714,21.64463,13.10423,29.51022,16.64987,9.117576,33.37301,2.490445,19.37077,2.493626,11.38723,8.227684,7.9485160000000015,13.99918,3
GSM616759,27.506079999999997,15.155679999999998,19.29355,3.717413,28.38822,21.71848,1.173066,35.69345,1.893895,1.019944,5.0015220000000005,14.60752,3.852903,5.933064,21.97791,3
GSM616760,26.10608,20.933670000000006,11.11226,12.12629,21.66737,18.06959,15.17295,30.95353,14.45398,10.61832,17.032610000000002,10.65049,9.850723,3.87189,16.48464,3
GSM616761,24.235570000000003,15.257079999999998,15.30412,12.96575,26.52136,20.46087,20.67138,26.60722,9.149538,18.27113,21.89722,13.35377,8.914786999999997,10.51262,18.09949,3
GSM616762,26.13124,20.54309,18.46078,2.92595,27.66348,19.3599,24.89751,28.43493,7.885822,12.62237,11.06079,13.681070000000002,8.127386999999999,7.3924509999999986,20.6894,3
GSM616763,24.85951,18.75234,16.10666,7.8411940000000016,25.33327,17.53657,13.72688,29.00794,10.52331,2.603655,24.62081,15.18325,8.434406,5.327441,19.82406,3
GSM616764,27.525129999999997,17.90729,15.97216,2.861021,25.858,19.11382,19.5556,29.37704,8.755443,17.40524,7.27957,14.779279999999998,9.223958,5.888839,16.65429,3
GSM616765,22.84605,18.43945,14.75503,18.0701,28.36448,18.84381,9.375404,23.85814,9.186154,18.88806,19.7655,8.679787,12.68365,7.851851,15.91474,3
GSM616766,26.067870000000003,18.80778,13.89924,16.92879,25.22525,19.67378,13.05796,25.29157,17.075670000000002,16.07518,19.01528,10.77194,9.840339,12.85323,16.1871,3
GSM616767,25.82311,16.82377,19.22295,15.53882,31.69506,9.240584,21.75354,21.55817,14.35672,21.29137,8.918283,16.25301,19.11445,5.22236,17.34702,3
GSM616768,28.01093,15.41339,17.82456,4.2637160000000005,28.17135,21.8371,3.5859589999999995,31.17095,3.925987,3.3349580000000003,6.043113,10.64331,5.179329,3.35524,20.10102,3
GSM616769,25.89036,18.25776,17.3058,13.81704,28.77405,20.37509,29.54405,28.21547,5.147175,22.51602,13.77114,13.97674,10.55335,4.315331,18.70689,3
GSM616770,25.43246,12.09444,17.96912,7.125856,25.81533,17.99486,17.65689,27.99786,2.919504,22.85931,3.417754,14.81642,4.631288,5.310698,13.38974,3
GSM616771,27.05785,27.7516,15.62428,7.919663000000001,25.6053,21.01153,13.49588,31.32625,6.380209,15.92144,10.59992,17.86184,7.446622,7.027641,14.87915,3
GSM616772,26.934209999999997,22.16384,16.64461,5.057281,28.63706,23.0974,11.73126,32.30651,10.75063,13.433329999999998,11.47664,16.81261,7.375683,6.2837830000000015,21.84723,3
GSM616773,26.04741,16.77015,17.93974,7.672169,25.43461,20.20902,15.94367,29.6483,4.5259269999999985,17.15024,12.09165,14.13562,6.934056,8.819067,22.63641,3
GSM616774,23.0209,20.38471,13.16751,14.66908,27.90888,18.78984,26.35798,27.61471,16.826620000000002,22.25439,15.2541,11.83495,14.597270000000002,5.9540120000000005,12.8496,3
GSM616775,25.6415,18.84921,17.784129999999994,10.73041,25.67335,20.60687,4.565121,29.0209,2.346785,5.516451999999999,3.296975,15.31548,5.4372110000000005,13.61882,17.27405,3
GSM616776,30.19909,15.22119,16.85054,7.485636,29.43538,25.42345,3.574571,36.83622,6.60358,1.7479790000000002,6.121834,13.53444,7.481238,13.73104,19.33996,3
GSM616777,26.50665,14.22146,17.2446,11.54607,28.58933,19.66581,12.64187,23.02486,5.6715339999999985,14.5175,17.15379,12.42044,8.23174,6.125165,21.9503,3
GSM616778,27.65227,21.33596,15.588629999999998,17.1842,24.42566,19.80998,22.57742,29.09667,10.7947,16.24788,10.81711,9.932627,12.66937,3.560113,20.7395,3
GSM616779,25.085929999999998,7.420363,14.15359,13.60108,23.85789,13.6609,18.89766,18.89865,5.321418,21.46035,1.676422,15.72578,14.16988,2.318177,21.0304,3
GSM616780,24.416629999999998,26.67367,11.1725,6.604819,23.47479,18.38477,10.11297,29.54509,7.980187,24.59528,17.18392,7.770047999999999,7.581183,4.619973,15.23939,3
GSM616781,27.98612,17.784329999999994,15.371379999999998,8.347064,25.84478,22.50435,10.36911,28.31592,5.190885,12.13067,11.99362,12.07517,5.7968910000000005,11.42009,20.78239,3
GSM616782,26.37017,24.30156,17.72288,4.715602,25.92558,17.177529999999994,31.2626,16.438979999999994,13.775479999999998,14.95155,21.32224,10.7604,12.83822,1.50871,21.26502,3
GSM616783,23.49723,24.11913,12.66269,23.06757,23.67895,13.926470000000002,13.998120000000002,29.00888,19.61753,13.2976,9.751266,5.644908999999998,16.36523,2.159834,13.72776,3
GSM616784,26.368009999999998,20.69397,17.984560000000005,5.646256,25.65142,22.19668,10.25476,32.145,2.258425,5.139666,14.63142,14.72554,3.029137,15.82231,24.92372,3
GSM616785,28.52068,20.23962,15.87946,10.2678,27.46873,22.58241,18.46797,33.71349,6.845988,20.429000000000002,4.596815,12.06333,8.073528999999999,3.759903,16.47938,3
GSM616786,26.544959999999996,13.54119,16.41176,5.474871,24.66979,18.57662,6.653824,30.93239,5.722342,16.81174,14.81185,13.55857,6.17421,8.228442,15.61686,3
GSM616787,26.728,17.38397,15.83506,1.282675,27.70395,15.5312,3.748796,20.75903,11.0125,13.22289,10.8653,8.035286,11.50218,12.1926,13.61854,3
GSM616788,25.56946,18.87404,18.39365,1.932726,26.8763,20.77314,14.62253,30.24233,8.529069999999999,10.73562,21.00281,12.65002,6.816057000000002,10.22515,19.49377,3
GSM616789,3.852689,19.02149,18.90224,7.039155,28.89439,8.704581,37.90816,7.330178,11.08827,25.23509,1.716302,18.29574,12.48902,0.9653236,14.49924,3
GSM616790,28.385379999999998,23.98409,13.36033,3.476345,23.56608,19.90538,13.44739,28.09985,9.684496,10.0996,15.01447,16.12987,8.865636,7.039155,17.08946,3
GSM616791,27.29135,15.08712,15.34148,12.27671,27.5401,21.7028,5.6187010000000015,33.628840000000004,4.3215580000000005,7.623692,4.612688,14.29716,5.102361,1.658909,15.55086,3
GSM616792,23.825570000000003,23.05709,14.98256,10.62448,24.2367,19.28827,17.47439,26.45442,10.51771,19.78019,13.17491,11.94532,9.418218,9.329688,13.200220000000002,3
GSM616793,29.6695,21.34815,17.25931,7.675895,27.74104,22.69965,3.840181,35.06905,4.903301,11.40999,8.216127,20.70968,4.74575,5.45614,17.102829999999994,3
GSM616794,29.16682,17.94585,16.32478,4.637782,24.10478,20.50738,13.8666,28.76088,1.365112,17.62649,7.39823,15.60979,3.600989,7.791321000000001,16.01615,3
GSM616795,26.16039,12.22914,15.84729,11.56872,29.75608,18.96801,15.47883,26.74444,4.742159,8.984542,5.143572,12.61379,6.665003,4.695657,19.02,3
GSM616796,28.76895,8.562761,17.39425,2.69582,31.83465,20.24444,0.8835837999999999,34.82756,3.828378,2.093665,5.504111,9.86357,5.700538,14.12326,23.59582,3
GSM616797,25.62485,29.06591,14.39896,7.061303,25.11615,12.79399,14.5207,22.02808,30.392940000000007,17.403229999999994,4.5284900000000015,12.16993,21.01369,0.8866581,14.548429999999998,3
GSM616798,25.67282,12.67325,13.85576,3.5251980000000005,26.29147,19.47539,19.73771,25.74516,14.41862,8.496008,14.72633,9.800713,13.25763,2.781603,24.52229,3
GSM616799,29.46544,15.13362,17.05542,10.83592,30.95677,21.94126,17.455679999999994,29.74848,3.950758,7.698257000000001,15.247329999999998,17.5992,6.950862,11.29743,16.21171,3
GSM616800,26.593740000000004,21.26849,17.86519,5.138051,28.189390000000003,19.12647,28.66065,30.4522,4.750038,17.42118,8.781108999999999,14.00503,6.604423,9.355964,15.94672,3
GSM616801,25.95223,17.02342,15.15589,4.058257,25.22655,19.75976,6.254022,32.35403,4.517475,10.04343,11.77717,14.01228,7.086014,6.627560000000001,19.1593,3
GSM616802,26.53258,21.91512,13.4908,7.779722,23.69241,14.58139,7.1523949999999985,24.27368,17.6008,14.847079999999998,3.910641000000001,12.63544,11.12491,9.200641,13.56321,3
GSM616803,29.36676,16.69343,21.00058,5.187792,31.20463,13.628379999999998,20.75793,35.68241,3.377735,25.04137,2.696179,18.43746,5.413251,5.988338,18.0982,3
GSM616804,15.4254,29.93782,14.881520000000002,7.903688000000002,24.44009,18.4815,28.466520000000006,19.08313,15.74247,10.66227,22.10978,15.12942,11.90618,5.468693,21.85058,3
GSM616805,28.1892,20.75677,14.2114,2.328102,24.4142,15.359520000000002,9.753247,24.07508,13.81478,19.55576,9.831682,11.29303,15.95954,6.952572999999999,15.2515,3
GSM616806,20.99296,18.6881,16.008960000000002,4.533419,22.36723,13.5903,23.60283,24.75347,12.64116,21.05917,3.325738,15.03531,11.49757,3.935679,9.672514,3
GSM616807,25.399079999999998,33.96561,17.11382,2.752861,27.122290000000003,23.36879,8.152756,32.35603,7.3176770000000015,8.173174000000001,9.602188,16.25189,8.372933999999999,5.728435,21.17197,3
GSM616808,26.46975,11.62382,12.95046,10.08848,24.45974,22.94634,17.15279,24.79147,4.340058999999999,15.20821,20.22225,13.42687,8.262783,8.382655999999999,20.35483,3
GSM616809,25.58147,10.77791,18.05206,2.861976,29.74713,21.77093,4.72649,27.09218,13.91447,6.795283,7.927267999999999,14.03038,12.77734,5.965865,21.98832,3
GSM616810,27.35675,25.23215,16.9568,3.37964,25.53848,20.6866,9.761209,34.38211,5.2207,14.42022,5.659637,17.585,5.395283999999998,5.34245,18.2154,3
GSM616811,26.04457,18.51993,16.06159,4.621986,25.8411,20.93772,9.687911,29.29691,5.549381,17.674879999999995,12.90302,15.55145,7.871931,7.592351,20.00764,3
GSM616812,27.9313,14.37556,18.63752,1.55884,26.83531,21.1373,13.441729999999998,30.18746,2.908137,2.836392,6.808242999999999,16.96839,3.852625,3.905441,22.74657,3
GSM616813,25.61074,20.69559,15.63056,3.0678810000000003,21.83202,21.6282,11.66858,30.2349,4.377741,16.31161,11.6497,14.22765,5.843234,14.04883,20.53217,3
GSM616814,24.51887,30.3722,16.6979,3.864444,24.72825,20.04481,13.27996,29.3377,6.454939,7.859961999999999,13.74528,14.06376,5.098839,4.453664,21.63579,3
GSM616815,25.19172,18.28196,15.53837,2.995204,27.84255,21.31368,10.86422,34.624970000000005,3.3479120000000004,11.8573,5.1494589999999985,16.66749,4.126657,4.888302,17.02214,3
GSM616816,17.21892,18.08906,10.07054,7.2612869999999985,22.117420000000006,18.18178,13.05477,18.95386,25.24458,15.99552,5.606166,16.33549,14.06829,1.907101,12.41357,3
GSM616817,26.40362,13.43559,17.818260000000006,6.289271,34.42049,22.5085,29.35309,30.97735,4.241032,21.78184,7.271456,16.00677,5.344586,0.7747794,20.26052,3
GSM616818,24.51675,19.88943,16.28671,8.177447,28.35545,19.1589,17.71521,32.12571,4.0188120000000005,7.214564,17.09101,16.20607,6.655991,7.574477000000001,18.47747,3
GSM616819,27.536070000000002,19.09225,17.53654,1.783606,32.31731,24.10628,21.52205,29.01424,5.922486,2.551927,14.99738,16.03878,4.879097,9.370075,22.74455,3
GSM616820,25.711660000000002,9.857878,18.58224,4.7834949999999985,26.7144,20.31767,22.97729,29.8841,4.78059,10.11726,8.042838,13.04836,5.8408440000000015,6.724917,20.4108,3
GSM616821,26.2754,16.007,16.36526,6.644267,29.12766,16.79867,26.38141,27.28811,5.184735,11.79055,18.30557,17.585620000000002,8.024113999999999,2.663387,20.56071,3
GSM616822,25.50786,12.37129,16.08736,9.459214,31.1523,22.24989,9.461397,30.80278,7.576817,6.965475,14.60231,10.39098,8.549583,6.650921,21.54761,3
GSM616823,27.619940000000003,13.10964,16.742160000000002,9.850692,33.56662,21.88806,15.05849,27.18381,12.97031,14.63863,14.83291,9.40697,10.7498,3.760158,21.28684,3
GSM616824,26.84082,9.97708,17.538710000000002,3.969487,26.3542,22.55198,4.07831,27.63562,2.621922,5.8520900000000005,3.325554,15.18302,4.662247,11.34348,19.73593,3
GSM616825,21.91972,32.15083,16.42248,7.733072,32.53141,21.32855,14.45161,23.57063,8.157872,9.925347,19.17001,9.053022,9.945004,2.50543,21.72278,3
GSM616826,28.569129999999998,11.03517,15.87887,4.053854,26.839000000000002,19.64186,12.01587,27.24414,5.902673,10.2993,13.34074,12.68494,8.490122999999999,2.871416,20.46565,3
GSM616827,27.02117,16.95588,14.37094,1.7284959999999998,25.28526,22.82498,12.02837,27.10077,8.63102,20.76452,10.34958,12.78626,8.330702,14.97688,18.03681,3
GSM616828,27.185579999999998,18.39665,18.76254,3.957184,31.14427,22.30822,7.579171,28.36743,3.582882,1.282243,4.5227080000000015,21.22817,5.2042470000000005,13.24861,22.3878,3
GSM616829,30.276429999999998,15.62206,17.68177,11.18912,26.75824,17.260479999999998,10.59861,31.0882,4.454175,11.20426,5.615366000000002,20.16196,7.491396000000001,4.918294,11.48058,3
GSM616830,29.06152,19.11908,15.27751,4.139265,27.67009,19.81314,22.96931,31.61502,3.0053400000000003,5.642311,5.082542,9.475409,4.2252410000000005,9.71084,22.06144,3
GSM616831,29.95372,12.77864,16.11094,4.663157,28.5481,23.78753,6.672609,28.43955,2.965609,3.0684400000000003,5.457483,10.48674,3.928601,11.5634,23.81537,3
GSM616832,24.15779,16.62896,19.65185,5.432888,33.01064,9.376415,27.37252,11.22675,11.04209,17.366670000000006,7.959337,11.06622,18.59904,3.146851,13.65637,3
GSM616833,22.79186,33.53778,17.24176,9.109553,30.863290000000006,20.62463,19.79698,30.16221,15.36024,9.406956,9.581822,12.83004,11.29468,0.6556900999999999,14.5471,3
GSM616834,28.76636,15.555370000000002,19.49536,8.054889999999999,34.16466,24.54022,6.594996000000001,31.695999999999998,4.899495,7.274602000000002,10.17077,12.35279,7.397351,11.95989,22.56352,3
GSM616835,27.47338,14.94411,17.2933,2.674151,29.99883,21.17523,5.275846,28.90608,18.20019,3.28398,7.168494,12.12726,7.549478999999999,6.870506,18.94448,3
GSM616836,26.285220000000002,11.90362,16.78105,2.50895,27.831999999999997,20.29956,17.28099,25.25558,3.048875,7.1428460000000005,11.65596,13.87597,4.233724,7.837357000000001,21.88043,3
GSM616837,21.75688,17.94915,15.43729,7.115069,23.23302,20.75248,5.624123,27.82805,14.17983,17.28153,7.0090080000000015,14.57301,11.86314,13.04264,19.63204,3
GSM616838,26.8826,9.456936,18.19519,1.7486669999999995,23.04246,21.38457,2.333686,28.2292,1.565483,1.041512,5.0544449999999985,12.05884,3.040607,11.41124,22.19158,3
GSM616839,27.214840000000002,12.31779,16.23474,5.171604,26.609340000000003,24.08011,9.267356,31.80856,5.25739,12.29258,10.36198,5.987302,7.238580000000002,5.6130330000000015,20.46548,3
GSM616840,26.695429999999998,16.77668,17.74739,2.074528,28.303140000000006,20.75718,6.919353,29.16313,4.497394,0.7940208000000001,6.934609,15.17854,3.053888,9.075692,18.80221,3
GSM616841,29.13014,11.67269,14.47198,10.09874,28.58826,21.4774,3.051337,28.27337,5.884862,13.69869,10.06938,6.777502,7.139806,3.419982,19.2966,3
GSM616842,29.34992,15.4054,15.08605,10.12881,24.40363,20.60363,20.489320000000006,24.35726,13.895270000000002,15.97497,13.434729999999998,12.75228,13.43276,6.606696,16.90179,3
GSM616843,25.16108,10.45133,17.65586,7.588846,26.481240000000003,18.78081,1.257468,28.76742,6.29648,15.14945,7.561344999999998,13.70192,6.440219,9.44812,13.8001,3
GSM616844,29.928520000000002,10.68253,15.10188,4.254499,28.54158,23.10572,17.43925,26.42581,3.85271,7.190444,10.07203,11.26761,5.341423000000002,5.984245,24.05387,3
GSM616845,28.13573,9.870354,16.99148,8.296372999999999,33.192190000000004,24.82413,6.706823,26.68964,5.0130300000000005,15.00505,10.98079,13.95953,8.797058999999997,14.54831,21.34881,3
GSM616846,29.7302,14.11214,18.19965,2.6646490000000003,29.34445,21.26735,17.61899,31.03531,9.393888,2.817875,9.468463,15.79446,9.672495,4.5038550000000015,21.13886,3
GSM616847,26.4161,16.77721,16.56269,14.10219,32.72808,18.73677,27.577890000000004,24.55775,7.584296000000001,14.18854,5.740021,16.98076,12.20056,11.39093,18.74608,3
GSM616848,28.859090000000002,11.8102,17.48507,1.667101,24.00868,26.15254,8.576677,29.41742,9.295383,6.108692,13.12635,4.7473410000000005,6.538744,10.6008,19.63069,3
GSM616849,24.52084,14.40313,14.70382,2.603504,24.91703,22.18872,2.065123,32.55216,8.010798,7.963928,5.8549940000000005,11.53973,7.002839,14.603929999999998,20.62988,3
GSM616850,25.35216,12.40304,18.08463,13.91786,27.9055,20.0566,8.466832,30.14833,4.852279,20.15265,6.304344,14.75354,5.651176,12.24168,19.78755,3
GSM616851,21.73938,15.507270000000002,15.61767,4.910882,24.16191,20.31817,4.6730589999999985,23.87329,5.830883999999998,8.491254,14.466870000000002,12.89604,7.0648399999999985,12.13191,23.27931,3
GSM616852,31.23228,11.60163,12.17088,7.046316,27.09631,19.43165,28.90605,26.93035,13.51116,20.55712,5.771019,12.78196,12.41796,2.77321,20.97393,3
GSM616853,23.35608,17.26335,16.102510000000002,5.156371,29.71099,18.95823,12.18632,23.68289,19.43279,11.87422,3.550268,12.88481,11.53135,8.900769,18.8402,3
GSM616854,24.57803,22.08059,15.02352,4.2419699999999985,23.33986,22.00706,20.37064,28.02421,6.477712,16.30312,21.0222,14.16523,6.9989050000000015,10.24134,20.7777,3
GSM616855,26.508879999999998,10.21281,19.17961,4.182646,30.2881,19.43486,11.94745,27.74961,8.422182000000001,13.34687,12.81436,14.84586,9.614077,15.21053,17.66304,3
GSM616856,24.61334,16.8582,17.83031,3.666695,28.1049,20.97507,25.2739,28.152690000000003,4.975615,7.748405,10.5189,18.16743,5.131029,4.464748,21.81765,3
GSM616857,24.2305,17.96065,13.65859,23.8707,23.25437,19.49755,14.32952,30.37703,8.644248,15.17895,13.14611,15.139679999999998,12.87044,3.597296,16.876479999999994,3
GSM616858,25.611439999999998,15.9012,19.31664,4.1624360000000005,24.65678,20.85689,3.060664,34.17681,3.844364,3.720182,4.24228,13.47464,4.88051,12.27631,20.4747,3
GSM616859,27.480190000000004,15.12503,13.51204,6.6236,26.57869,21.27572,13.62726,31.30702,5.030394,12.08379,11.49779,16.65674,7.775713,6.813984,19.4807,3
GSM616860,27.16735,17.42124,17.17494,3.604132,30.92043,15.56337,27.79665,30.93133,4.206538,14.052979999999998,15.8067,18.23476,7.012753,9.763922,15.84944,3
GSM616861,27.46126,13.67364,16.691370000000006,17.7922,26.558490000000006,23.21017,3.642273,32.5853,3.932982,16.46292,16.93374,14.7997,10.87931,4.5098720000000005,21.81572,3
GSM616862,29.21173,20.39037,18.10384,3.592307,24.09021,19.88151,2.182404,27.29379,12.27907,4.009104,3.967609,14.31938,7.583385000000002,6.381725,13.72724,3
GSM616863,27.709709999999998,19.17742,17.84832,6.685528,29.0413,24.78659,10.39431,36.11823,4.757052,11.68402,11.27059,15.604170000000002,4.6828,10.47627,17.88871,3
GSM616864,30.19538,22.00713,19.21861,4.290591,29.30786,25.93571,16.647679999999998,28.656999999999996,6.718183,17.973029999999994,10.01046,13.68746,7.569023,24.59153,19.23023,3
GSM616865,24.130129999999998,16.638460000000002,18.50914,6.7728,24.93934,18.108,30.85994,28.81295,6.3463080000000005,15.72477,22.0584,11.08761,7.920932,5.988409,21.12645,3
GSM616866,27.99065,10.41182,18.27639,6.957474,27.98136,23.83724,10.07635,33.0612,3.262395,13.02164,4.936401,15.828270000000002,5.923645,12.35815,20.24791,3
GSM616867,23.03361,18.61628,20.83106,2.870325,26.86358,19.09101,31.98112,31.17836,3.434893,8.286937,6.257355,20.10387,6.552078,4.8035260000000015,22.88244,3
GSM616868,26.03079,19.64408,17.29214,2.9613150000000004,25.862820000000006,20.61554,4.520872,30.83993,3.344049,6.514067,6.711242,14.1385,4.118785,6.2931,20.35916,3
GSM616869,28.03128,15.85496,19.44902,12.06909,29.681790000000003,19.85675,13.63704,29.21824,2.917084,6.057917,6.174217,23.01916,5.288071,8.996145,20.56796,3
GSM616870,25.13723,22.967,19.61552,9.182558,32.15313,22.16374,15.41184,31.52761,6.959225999999999,7.6899570000000015,8.515563,21.15356,6.66257,2.189164,21.49154,3
GSM616871,28.261390000000002,22.82891,18.07121,6.237248,31.25587,20.68819,16.332629999999998,29.066640000000003,3.2178150000000003,18.54909,11.09119,3.991578,4.286057,6.860103,23.67779,3
GSM616872,24.41295,22.73838,18.00698,2.641304,25.0166,23.02995,18.755,29.53727,1.884908,9.111045,6.665344,14.54759,3.638199,9.406941,16.71349,3
GSM616873,27.717670000000002,11.03247,14.18285,4.196593,24.77953,23.81978,0.7874343,30.60316,3.987758,18.092370000000006,8.00791,9.996688,5.691253,8.255436,23.42754,3
GSM616874,28.826259999999998,13.5417,20.81245,3.8868,32.24542,21.84396,5.69634,25.40335,4.491347,19.314870000000006,5.495158999999999,15.034820000000002,9.332232,10.04217,20.25733,3
GSM616875,26.871190000000002,16.43265,17.962329999999994,14.26612,33.221309999999995,23.26508,2.327002,24.73079,9.092247,13.80431,12.31318,12.08042,8.793201,17.36543,22.57568,3
GSM616876,29.81097,26.316540000000003,16.8671,5.359947,29.45336,19.40439,15.0056,28.23272,4.77225,16.271739999999998,7.320508999999999,12.74714,7.414722999999999,0.5797395000000001,19.21177,3
GSM616877,31.84125,10.17822,19.19835,2.090163,30.58897,19.6095,17.19604,33.26078,2.3679900000000003,13.59144,11.54849,6.2901669999999985,2.920297,6.285923,22.91669,3
GSM616878,28.944340000000004,9.363976,19.39574,4.647833,28.49146,26.7664,8.662600999999999,32.13146,4.248075,14.19023,7.4883,7.000014,6.55875,7.284961999999998,22.12325,3
GSM616879,29.25242,10.86093,15.0919,7.069889,26.8403,12.97968,21.04085,29.71918,12.53269,18.37218,10.09812,7.663023,11.05571,1.343792,15.82422,3
GSM616880,32.4928,23.76144,19.54583,6.273793,35.40729,18.23719,7.2447300000000014,33.453790000000005,5.1338050000000015,18.84691,5.076473,8.993838,12.07946,0.7039555000000001,24.12626,3
GSM616881,28.829320000000003,7.191041,22.60309,8.070545,37.88199,20.91657,2.53521,29.71973,3.396929,23.84581,8.047936,4.321199,6.629878999999999,3.191868,20.85745,3
GSM616882,23.77626,17.48316,18.10195,3.892839,27.17046,19.32724,16.404339999999998,27.00992,18.08396,12.84988,20.48414,13.5715,14.49536,4.42211,22.39671,3
GSM616883,26.321579999999997,11.54548,20.354470000000006,3.751434,28.987790000000004,18.95607,26.07523,29.60003,3.669464,17.84713,13.17249,15.84576,6.260606,2.976656,16.43029,3
GSM616884,29.93129,12.07559,17.036739999999998,5.444441,27.16109,18.64525,21.7231,28.74672,11.52145,7.584888,6.0999360000000005,14.848720000000002,8.692711,6.939649,20.83543,3
GSM616885,24.62777,6.056373000000002,17.3446,6.938275,25.59883,19.11803,25.84438,32.07627,2.510389,18.8163,11.23985,9.013946,6.167422,6.9571830000000014,22.03628,3
GSM616886,29.18433,17.80613,20.44415,1.635977,29.88997,23.09465,3.404027,34.31629,3.243229,2.980592,7.18565,7.629554,2.532637,3.4078120000000003,22.41332,3
GSM616887,26.56125,12.48342,15.03509,5.394533999999998,27.69721,19.72713,1.911305,29.442870000000006,3.566171,4.88508,9.765318,10.81434,6.8455309999999985,10.98737,20.58085,3
GSM616888,28.0616,13.616270000000002,16.50112,4.311435,26.66748,18.37106,8.434178999999999,26.31842,11.9356,12.36299,9.479866,10.64334,10.89857,2.355423,21.71088,3
GSM616889,28.58959,10.58846,16.81632,4.430303,25.16157,21.83513,12.88837,33.48315,3.469163,22.53853,6.4047730000000005,6.92135,8.990369,9.772207,19.85116,3
GSM616890,35.69513,7.1545440000000005,29.31612,2.375503,39.24321,18.94613,4.927416,34.46206,6.953643,20.60863,2.759875,5.766001,8.603517,1.719907,18.88164,3
GSM616891,29.742390000000004,22.56853,18.4765,3.128795,30.716140000000006,23.15399,18.31097,28.656240000000004,3.219651,21.47038,14.04024,15.0996,6.371849,9.655367,18.12819,3
GSM616892,25.25352,7.231216000000001,16.94772,2.876653,25.31138,18.15954,15.34314,29.67629,4.817366000000002,17.782339999999994,10.03994,11.53973,5.264196,8.22573,17.22314,3
GSM616893,27.568409999999997,19.21642,18.42644,2.936157,25.46378,19.22153,11.88994,28.28391,6.735817,6.232869,11.3924,18.54117,8.392775,12.82754,22.72069,3
GSM616894,31.1205,8.635002,18.37332,4.995677,29.1045,19.49565,5.409667,28.73087,3.820266,5.512016,8.563889,7.8117990000000015,6.663776,6.387867,26.34953,3
GSM616895,25.57387,12.28236,14.93357,6.181474,27.14972,18.69909,10.899000000000001,27.84492,5.0213410000000005,8.067786,12.42306,11.14863,7.990546000000001,7.351698,24.28009,3
GSM616896,23.27179,14.7463,16.24833,13.91094,29.21095,16.255029999999998,14.542320000000002,22.20891,19.12012,18.80363,14.25011,14.53496,19.57406,3.734936,17.56475,3
GSM616897,29.002509999999997,25.74459,16.043470000000006,1.628873,31.37141,18.97648,14.02498,27.80259,7.143788000000002,4.4103650000000005,6.959980000000002,18.66865,6.470151,5.502856,22.1116,3
GSM616898,28.36807,17.07657,16.34921,8.951366,31.000190000000003,21.71699,9.091403,27.49679,3.700217,16.47085,9.936212,10.61154,8.379236,12.35496,17.59285,3
GSM616899,26.251659999999998,7.133473,17.01462,4.243672,29.03016,17.21043,10.96607,29.62372,2.780411,21.8175,8.425007,10.32392,3.812287,5.9191379999999985,16.1317,3
GSM616900,26.22547,24.86718,18.27809,1.916105,28.78967,19.05428,7.536153,28.53899,5.907822,5.342793,8.398822000000001,10.9207,5.211429,1.043926,20.51463,3
GSM616901,30.1058,10.89499,18.88374,3.761992,27.86935,22.88318,6.038664,29.39116,1.685746,5.192119,8.242602999999999,10.19273,4.853103,7.956888,26.83046,3
GSM616902,24.3221,15.62027,16.2494,7.686742999999999,27.79481,21.55261,18.77282,25.74233,3.098146,8.685228,7.747955,8.527377,3.5132730000000003,6.24142,23.10658,3
GSM616903,24.53819,14.10294,17.827360000000006,4.722157,26.28517,19.62539,26.38942,31.32441,4.97497,11.82727,11.45334,11.15078,4.687882,5.955678,20.97677,3
GSM616904,25.02145,22.05732,16.12191,1.775416,30.81207,17.26557,17.69959,20.88616,13.532570000000002,20.27164,11.92202,12.1868,11.97603,6.533745,21.58822,3
GSM616905,28.17891,16.46011,16.49713,3.568083,28.42562,20.05547,9.557562,28.09894,8.561691,12.36322,14.23196,13.22824,7.779039999999998,1.28823,24.38661,3
GSM616906,23.30285,15.21308,18.30055,11.7471,32.60991,12.49268,18.55033,21.36164,8.117544,7.758945,13.56646,21.031270000000006,13.86905,13.01915,20.68725,3
GSM616907,26.979570000000002,16.05085,18.70833,9.957737,35.6711,19.5082,21.8814,28.34364,3.88891,1.784712,16.26887,14.00689,4.647969,9.34951,21.27237,3
GSM616908,25.31336,14.17026,12.8798,4.09987,24.42239,18.18164,22.37356,25.87176,5.2575,18.95529,9.53618,15.153770000000002,8.754791,9.18142,20.88603,3
GSM616909,27.051379999999998,7.279908,17.14086,7.0684320000000005,25.04264,15.39971,19.51545,27.20294,2.495496,15.32315,9.093907000000002,14.52258,5.285257,3.018381,16.89428,3
GSM616910,18.32453,16.72535,16.27807,11.030999999999999,24.76416,12.51705,20.96531,22.43473,28.58444,18.74156,14.33148,10.78496,20.85417,1.7607279999999998,18.95343,3
GSM616911,28.646079999999998,13.5779,14.16929,10.68475,27.54431,17.939410000000006,2.999942,22.41464,6.155305,10.84715,7.349169,10.75957,8.077008,12.7128,21.65494,3
GSM616912,26.27277,10.66602,17.663629999999994,3.7153,29.43831,15.9098,1.218133,24.24173,11.29419,3.242286,6.749516000000002,10.73792,12.20824,7.016823,25.22072,3
GSM616913,29.42622,13.76237,17.58064,2.006815,26.71998,19.96946,6.386625,32.70778,4.752887,4.4751379999999985,5.780422,14.6572,5.135715,5.1444480000000015,19.38554,3
GSM616914,27.130509999999997,15.35545,16.562520000000006,15.49154,30.0127,15.72736,9.772292,29.9928,14.31716,7.000054,12.93159,9.598421,12.24788,4.114548,24.060270000000006,3
GSM616915,34.03085,25.26449,25.66698,7.400836,37.22403,18.72595,10.12287,35.67529000000001,15.46301,5.1581790000000005,4.7454800000000015,8.289545,14.88292,1.46641,25.91692,3
GSM616916,27.60697,15.72492,16.22808,1.144308,26.09345,19.9349,14.49238,33.230290000000004,8.758453999999999,15.199370000000002,13.01365,15.51366,9.260904,2.192076,17.14467,3
GSM616917,29.77044,7.583633,17.27739,5.853307,31.02983,20.52775,3.129611,31.55455,2.885855,6.114448,6.020294,12.85655,3.499585,5.103351,23.7456,3
GSM616918,28.94353,16.62801,18.02727,17.26295,27.70785,18.44902,28.3632,30.83832,3.2973510000000004,8.841743,6.7971210000000015,11.29058,6.144265,2.786314,19.86226,3
GSM616919,23.316110000000002,9.893591,19.8961,4.701069,35.52715,14.59346,25.98174,30.339170000000006,16.36552,17.09733,5.035522,11.76523,11.70788,3.600172,18.03155,3
GSM616920,30.00573,12.31171,15.10002,8.617217,25.01156,22.99789,7.846961999999999,32.972,4.990891,9.38482,7.241796000000001,14.052979999999998,7.526658999999999,4.391947,21.37292,3
GSM616921,30.46688,9.179216,18.45413,1.496175,32.87125,19.87896,6.554892999999999,29.28855,6.093799,15.23464,12.84603,5.211221,5.872762000000002,13.55821,26.36049,3
GSM616922,26.46006,8.830372,19.45768,5.48196,33.420359999999995,20.8824,3.490121,33.4999,3.605468,4.156899,9.132636,6.822203999999998,6.647697999999999,11.87029,22.003870000000006,3
GSM616923,7.8120389999999995,19.18955,22.23727,15.8587,38.46144,5.78774,23.14791,1.509508,37.44855,8.773364,4.4462519999999985,21.78677,29.93849,1.83004,16.05621,3
GSM616924,29.329759999999997,8.245559,19.1479,9.589107,35.31,22.18679,4.130736,33.69296,2.8043310000000004,12.13036,6.715304,12.08984,7.938344,7.691418,27.201290000000004,3
GSM616925,27.732709999999997,24.12631,14.38671,4.31241,26.11256,21.23064,8.558178999999999,26.47541,15.499479999999998,17.71198,12.34969,10.2865,10.12379,4.746697,23.59478,3
GSM616926,29.214709999999997,15.398220000000002,18.76289,16.1587,29.87293,21.14162,5.528641,37.22289,6.490558999999998,6.631364,3.4361650000000004,5.022248,8.236697999999999,2.85147,23.18018,3
GSM616927,25.37105,15.6563,15.805270000000002,11.76423,27.23848,11.00744,28.3754,18.0261,17.568820000000002,19.8977,10.89868,4.667795,10.79117,2.163899,13.93366,3
GSM616928,25.93362,26.80066,19.72689,16.29567,32.83088,14.34799,16.5304,23.840999999999998,8.675581,16.53214,3.5713470000000003,10.99213,13.775720000000002,5.853967,15.81225,3
GSM616929,33.42951,8.95465,19.96066,7.121971,34.31498,19.25113,5.993268,37.23088,6.676972,11.48915,5.442046,4.460749,13.959979999999998,12.9027,26.71063,3
GSM616930,27.745890000000003,12.71292,18.29383,5.546603,28.36737,21.24296,14.59434,31.22375,4.011922,6.807573,7.840427,11.06045,5.033937,1.692506,22.84406,3
GSM616931,28.61422,11.29045,19.20719,4.26199,32.74739,19.38472,9.052578,32.95343,3.365014,7.376355,18.54469,9.969705,3.950695,8.63902,19.87297,3
GSM616932,28.442290000000003,8.273995,16.53011,5.563488,27.24832,20.18278,7.524171000000001,31.65396,3.903581,16.82674,10.80648,13.80031,8.858319,10.11298,22.0405,3
GSM616933,27.587870000000002,11.68575,16.53341,8.203208,32.10267,14.01764,19.01864,13.6904,19.08403,6.221677,2.078296,5.1390129999999985,15.01064,5.2007900000000005,16.04496,3
GSM616934,26.1209,17.28731,20.47351,7.150106,30.17825,13.76804,3.728737,29.92946,5.093847,1.442166,8.160808,10.16912,7.285042999999999,4.87711,29.14684,3
GSM616935,26.394409999999997,21.66252,12.61876,6.186883,27.73955,14.11912,18.4071,24.97181,13.03303,19.80216,19.1883,2.471054,13.67562,4.420841,23.71041,3
GSM616936,27.891009999999998,19.19026,16.25935,7.7119,29.65478,18.60421,9.628824,26.93526,5.025279,1.00316,19.70484,13.20295,6.267425,4.029415,23.21503,3
GSM616937,29.075840000000003,10.79289,17.3856,3.931045,29.11761,20.78371,7.344797,32.75761,5.8034550000000005,1.291268,3.536077,8.161764999999999,5.377059,5.4135860000000005,19.501620000000006,3
GSM616938,29.86025,7.7609,19.44648,1.844345,27.12638,25.13467,3.664806,32.494609999999994,4.093328,0.9980349,5.778612,11.83896,4.426546,6.5398190000000005,24.81333,3
GSM616939,30.792759999999998,17.281129999999994,17.7506,3.045846,32.34006,19.88167,16.354229999999998,32.94075,4.608546,15.38051,6.86964,3.692212,4.4503080000000015,7.269503,19.24718,3
GSM616940,27.71766,10.20676,16.55596,3.121796,26.991940000000003,24.1309,5.24551,30.5534,3.4926120000000003,2.969314,7.759063,13.72843,3.223392,1.857783,24.29634,3
GSM616941,25.32088,11.48009,18.89416,4.16131,34.08838,23.72721,5.4587,36.58539,6.117431,7.913208999999998,5.743356,6.5492339999999984,7.624006,9.601916,17.76274,3
GSM616942,29.24748,13.50044,20.21108,10.60603,31.35392,16.93928,28.96469,33.78038,3.884595,16.29816,14.39456,9.537442,9.62228,2.8098,25.86109,3
GSM616943,26.406990000000004,9.512769,19.35028,8.246936999999999,31.257720000000006,21.26515,7.867499,26.46966,4.167912,17.17801,13.39411,7.746308999999999,11.69142,14.162679999999998,19.9175,3
GSM616944,25.23761,8.695764,16.132379999999998,3.192008,32.302240000000005,21.60361,20.90756,29.49444,1.331666,17.517960000000002,1.972046,13.75054,2.946634,6.492514,18.46189,3
GSM616945,25.86103,15.71943,19.3504,9.364298,31.29636,20.605999999999998,7.0060449999999985,28.1122,6.6536490000000015,16.61223,19.29308,14.55702,9.668201,7.972442,20.12325,3
GSM616947,27.9743,13.67015,20.09969,10.91552,35.4262,9.816502,4.851968,8.024411,14.68375,8.688219,9.539539,2.284607,15.89863,7.536261,18.88604,3
GSM616948,30.397340000000003,14.03473,22.74138,13.39541,37.82325,22.73816,0.9285928,24.64206,12.43322,8.728089,14.77794,6.895245,14.08283,12.03841,28.48621,3
GSM616950,27.650540000000003,8.22674,21.68344,9.536459,33.93888,16.07116,24.41561,27.605590000000007,5.021561,20.84324,2.394528,11.67316,13.59596,14.88062,17.37034,3
GSM616952,27.99953,8.67457,18.0413,8.55831,33.210390000000004,18.50625,17.087870000000002,23.19944,7.778511999999999,6.079992,12.66336,9.064856,15.907379999999998,5.20814,23.84381,3
GSM616953,28.395740000000004,22.06486,20.83938,15.69598,34.03193,21.36156,24.36363,31.14701,8.139811,13.75036,5.7160400000000005,11.41636,14.21052,3.760922,23.12845,3
GSM616955,26.079179999999997,13.39706,24.28979,26.25746,36.36549,14.93311,12.59442,24.64387,3.182513,10.96245,9.436022,13.35005,17.186870000000006,8.952633,20.84949,3
GSM616957,30.18269,15.20328,21.80424,11.86797,34.64379,26.256490000000003,1.69697,36.05107,5.195732,8.713998,8.229996,7.327991,8.531678,9.25093,27.00066,3
GSM616959,30.216379999999997,19.3795,24.64011,4.018638,35.02487,16.75167,16.507579999999994,34.65028,2.279286,18.61195,10.36623,3.666975,9.329504,8.062851,22.005370000000006,3
GSM616961,26.579720000000002,23.84408,22.06135,5.823179,38.20285,22.71818,9.984694,22.09114,6.9978479999999985,35.68032,8.617124,3.814449,15.00743,12.52839,23.40796,3
GSM616963,25.671020000000002,9.773619,20.50116,16.75315,34.36619,16.57859,18.98559,29.0862,21.76801,25.34544,8.245192999999999,8.239664,14.89889,5.2459430000000005,23.80508,3
GSM616965,31.932920000000003,9.501148,22.8661,6.196798,33.97958,24.01203,7.876589999999998,23.1923,5.676692,14.53743,11.99654,6.649261,10.51975,9.460438,30.06383,3
GSM616966,34.525079999999996,17.62547,22.30677,0.7762505000000001,41.26752000000001,20.21325,4.251301,39.95125,4.694581,20.89498,8.452027000000001,8.204885,7.658949000000002,18.75718,28.67339,3
GSM616968,28.159229999999997,12.20751,22.35425,1.891572,32.29402,17.595570000000006,11.32154,36.16426,4.0553300000000005,19.36547,4.598203,3.891328,5.653236,6.198221,24.3399,3
GSM616970,23.36414,10.30551,18.82904,1.5207540000000002,34.80559,16.90619,11.96759,29.63391,4.870754,35.31424000000001,9.980384,4.218526,10.15886,5.889613,11.28473,3
GSM616972,30.23013,11.37566,30.60066,10.70297,43.85044,16.065910000000002,7.752391999999999,25.65135,6.829605,14.25565,4.1559050000000015,5.698055,11.92772,14.74324,26.89667,3
GSM616973,31.58786,10.4186,14.943879999999998,4.476925,26.14276,24.55388,0.8232728000000001,38.55183,3.013466,2.007332,13.03287,9.203276,4.178426,11.93249,21.18594,3
GSM616975,25.318,9.603659,14.47161,10.63998,25.12133,19.02274,28.64995,22.93565,5.4310269999999985,17.59437,27.031,7.4723039999999985,8.425844999999999,7.142875,20.13515,3
GSM616977,20.65456,24.43439,16.89416,8.818799,29.51586,15.2714,33.58673,9.293991,12.23374,19.29437,21.19546,5.258539,16.91491,9.977769,18.19943,3
GSM616978,19.14005,25.87421,12.6419,4.568295,26.01092,15.76575,32.595620000000004,23.47615,8.095333,22.52797,24.00571,8.856629,11.20872,8.786764,18.07803,3
GSM616980,27.116629999999997,7.834899000000001,10.98855,16.01074,26.07031,17.24778,12.86474,25.199720000000006,5.20634,24.76426,23.97456,13.01634,10.38607,12.82081,24.34401,3
GSM616982,24.126379999999997,19.82409,17.83995,6.7285309999999985,27.1813,13.60653,30.93575,17.74054,10.87904,22.67488,19.350620000000006,10.77634,14.08149,2.651522,20.9986,3
GSM616984,8.52679,20.72304,12.8587,24.11119,27.29538,9.440216,31.66347,7.629341,9.269844,22.57388,6.703696000000001,5.978151,17.97537,17.719620000000006,14.29374,3
GSM616986,29.345640000000003,11.19103,19.86153,1.580828,32.98563,25.303420000000006,1.318881,33.455659999999995,8.346969,13.0121,14.997,14.32249,7.729653999999999,12.75705,23.88999,3
GSM616987,27.422079999999998,21.59342,17.9299,11.18125,31.64075,14.3808,27.22868,18.44031,10.78057,20.58059,18.09266,8.293515,13.78854,3.127884,21.4702,3
GSM616989,18.13758,26.46773,11.98657,25.86713,28.69058,3.8578,22.92735,2.3355,23.14216,12.98134,5.803097,13.40806,15.400379999999998,1.013633,8.270822,3
GSM616990,25.262539999999998,26.36584,12.37825,19.88917,23.85815,14.49992,29.88226,25.11885,4.616592,24.3494,14.99846,7.142322999999998,9.911754,9.715882,15.55797,3
GSM616992,25.2909,27.14451,14.39379,22.5874,26.3295,15.1626,30.664,26.73806,10.77279,19.74818,18.97736,6.07733,16.608970000000006,7.282277,16.635360000000002,3
GSM616994,31.01329,11.28553,21.05275,0.9547569,32.74219,22.13107,1.42789,32.38487,1.965311,8.199244,5.440178,14.73178,3.705593,9.953451,26.13916,3
GSM616995,28.7834,14.84907,20.4311,11.42782,28.42039,19.43282,20.1366,30.242490000000004,2.297855,7.55611,9.903979,19.24475,8.283841,5.984241,20.94371,3
GSM616996,29.45737,18.15449,18.86576,2.244456,32.97673,21.83246,3.384521,36.89121,2.708036,12.01513,6.634582000000001,6.389768,3.945614,11.36013,20.1571,3
GSM616997,29.60407,21.32798,19.15685,4.604078,30.58367,21.80058,4.492616,32.71941,6.305315,12.50119,11.98393,9.876114,10.07526,11.97816,23.36654,3
GSM616998,27.981540000000003,16.00023,20.660870000000006,7.107119,26.88405,26.19478,4.791228,29.66385,2.961025,12.20675,7.429357,7.9768880000000015,8.865777,4.40298,23.07278,3
GSM616999,26.63268,17.979470000000006,18.35692,8.370869,28.36454,22.01848,7.5984539999999985,35.3811,2.087121,22.18663,14.89301,14.1075,5.37597,9.186021,16.66763,3
GSM617000,25.10266,12.39949,18.67285,11.77507,29.14699,20.96743,13.222370000000002,26.97488,4.200372,24.59505,8.18097,6.833784,10.05432,16.08504,13.36675,3
GSM617001,26.017770000000002,18.96617,20.3936,4.3842050000000015,33.15967,21.57282,13.80509,27.01931,3.709553,18.1094,16.38004,10.58152,5.123625,9.939412,23.39671,3
GSM617002,32.38838,12.09156,20.30064,6.818439,30.74701,23.19214,5.460686,35.73428,1.870498,2.943795,3.081955,17.76585,5.255108,11.08703,20.88278,3
GSM617003,22.32589,30.04471,19.49498,17.37729,30.44617,17.441,9.428048,21.24767,4.927052,13.607999999999999,13.63516,31.90796,14.45737,9.558998,22.96831,3
GSM617004,28.15492,10.14667,20.7215,4.920963,34.15703,21.7402,9.806041,27.87615,2.326536,17.522129999999994,8.434707000000001,15.74259,5.880146,7.2237740000000015,23.71903,3
GSM617005,26.553,25.97149,19.51184,1.133529,32.67112,18.67327,30.24391,26.23761,8.476719000000001,24.38901,8.056164,18.65875,12.72588,14.6673,13.89306,3
GSM617006,29.27021,8.655733999999999,16.13751,3.0557,32.70326,21.65082,10.37621,28.73895,3.576581,18.09586,16.1904,14.57347,7.1531210000000005,12.29776,19.00126,3
GSM617007,18.03096,31.17183,17.95259,3.723322,30.70907,15.13928,27.96865,12.11108,8.998755000000003,24.66623,5.568499,10.2684,9.402348,1.785566,24.74015,3
GSM617008,31.37838,20.21386,24.8878,8.536781,38.6652,21.61072,25.38285,34.237109999999994,6.838225,25.31258,11.19525,6.224019,10.56012,4.302139,26.675390000000004,3
GSM617009,33.831759999999996,19.42505,21.87908,1.718794,39.06813,14.701770000000002,6.147347,35.13562,1.626708,34.16528,9.249937,6.478655000000002,15.72725,7.723845,21.82666,3
GSM617010,22.30852,27.87477,14.08295,8.0865,33.88688,8.168166000000001,12.86943,13.76058,6.202225,35.75383,10.66081,4.807804,20.62668,17.774079999999994,15.55632,3
GSM617011,31.850070000000002,28.08673,13.34124,1.913753,29.46105,15.77185,13.16944,28.27645,5.734312,34.165040000000005,25.41352,5.097663,8.332182000000001,17.49482,31.01649,3
GSM617012,16.428910000000002,25.35834,17.2631,4.686319,27.62533,13.92443,27.19102,14.93101,11.5637,17.16354,2.3226560000000003,10.35884,14.66729,8.300283,24.05782,3
GSM617013,21.28284,27.58037,16.56849,13.472920000000002,26.3119,11.60826,31.552190000000003,13.74133,9.26909,26.59504,16.66,7.461186,13.22998,5.549356,11.57663,3
GSM617304,4.468781,17.05126,0.400823,0.2575303,1.051378,8.017151,4.8308620000000015,0.3594385,1.854366,22.61907,5.216531,0.1075663,1.180585,20.66661,23.52766,4
GSM617305,0.7775155,9.69242,5.427264,0.5310111999999999,19.71382,0.2980051,3.579749,1.809146,5.316582,26.42385,2.439914,0.1112534,5.811165,0.06909005,12.09745,4
GSM617306,1.969813,11.98028,0.9222412,2.713854,1.7071619999999998,3.803205,0.2877402,0.4076827,18.63384,13.91598,18.27167,0.5042443,17.612379999999995,3.220481,25.13603,4
GSM617307,0.3800604,27.92412,4.617863,0.2099908,8.642027,1.31369,0.1282181,0.23288470000000006,5.9811190000000005,6.651160000000001,15.4728,0.07267737,0.9891101,1.008638,17.61634,4
GSM617308,8.254539,14.245999999999999,4.219493,0.4536827000000001,11.82293,1.35903,0.2583237,7.281411999999999,1.037609,6.881345,0.8634444,0.5429181,0.5429162,0.3220103,14.19655,4
GSM617309,12.86769,19.20654,2.818765,0.3464799000000001,9.107289,8.97528,2.7287,0.6224668999999999,2.900305,34.188959999999994,31.66506,0.1157236,0.4108208,4.483758,24.65345,4
GSM617310,0.41945479999999996,21.10172,3.317313,12.84837,16.49718,2.638123,30.46588,0.30994570000000005,32.04268,18.94207,0.4064496,1.378329,19.35774,0.2645887,23.18616,4
GSM617311,0.8651959000000001,18.97115,2.680701,0.3644197,6.167168,10.19187,31.14248,0.4299231,1.466517,29.3846,5.831393,0.1243101,0.6156049,0.7580865999999999,18.44563,4
GSM617312,2.1327529999999997,9.040795,1.20782,0.6884986999999999,4.047886,0.2308611,0.1699954,2.175252,0.4759505,1.475914,1.512702,0.2265989,0.4801963,0.9401016,22.95356,4
GSM617313,13.248070000000002,17.947770000000006,7.108623,3.230312,15.41162,5.321426,5.2532440000000005,10.71855,11.34163,0.3812188,7.198639,0.4137508,6.575455000000002,7.157079,22.93274,4
GSM617314,30.73395,22.61178,2.309792,0.3413139,16.830370000000002,0.7798470000000001,0.1730374,17.62496,2.443613,1.397257,11.24838,0.15273989999999998,1.093618,0.31996240000000004,12.42438,4
GSM617315,11.27245,20.84845,0.4622332,4.441949,0.5185627,25.46185,3.958843,0.400505,10.34731,2.875851,12.97552,0.3596805,10.67001,18.25989,19.20521,4
GSM617316,27.188109999999998,22.3617,8.519138,1.603197,15.31865,21.55241,26.65178,30.913390000000003,4.849319,3.245937,24.59879,12.1561,4.569661,13.42062,23.77604,4
GSM617317,32.86933,19.2537,6.213932,1.63484,21.38123,2.297698,1.238946,27.797220000000006,8.531114,11.05902,2.587177,0.2086762,8.435296000000001,0.26555300000000004,24.84769,4
GSM617318,14.455729999999999,13.95344,1.207546,5.032499,1.224758,12.81942,22.89646,0.1687606,12.62086,0.5220002,16.29275,0.08890771,16.321620000000006,5.799535,10.12983,4
GSM617319,2.986928,15.75806,12.33967,2.513898,25.24561,7.480511,0.7553066999999999,2.665479,25.59522,3.776905,2.288919,0.07332478,10.27728,3.259515,25.14149,4
GSM617320,23.58468,16.88905,10.23305,7.891951,22.4867,15.63171,18.69823,19.76617,29.08002,18.49875,10.80882,4.055566000000002,17.39096,2.723717,19.46891,4
GSM617321,12.74567,27.08143,16.52757,9.520097,26.51545,2.401203,32.03443,0.4791338,49.63911,13.55119,19.36037,0.5738985,31.7336,0.1135647,15.66041,4
GSM617322,9.159307,17.05696,0.5305955,1.726832,2.617136,16.819960000000002,2.283702,1.147229,26.83998,14.11486,18.7266,0.1161575,19.487170000000006,10.07405,20.64009,4
GSM617323,27.826690000000003,15.71558,11.31616,4.285806,25.12605,16.376839999999998,5.086389,17.67074,28.25848,8.297366,12.42206,1.373752,15.31886,6.148635,16.29496,4
GSM617324,1.6626580000000002,20.42028,3.645255,4.940988,10.85467,0.5504745,1.209178,0.6082526999999999,33.74604,17.71622,16.66154,0.05387703,23.97646,0.7849602,13.0625,4
GSM617325,5.016416,24.87185,2.118448,1.718596,8.860349000000003,11.67087,17.482039999999998,10.27852,1.411104,18.64419,2.827666,0.1996493,0.5823249,0.5098877,25.73347,4
GSM617326,16.13917,19.25245,13.11711,0.8476334000000001,24.64348,0.213307,0.2226013,6.173235,6.520029,19.40234,2.210519,0.3866222,3.025961,0.13807879999999995,17.01976,4
GSM617327,1.43547,15.9845,13.31568,1.943939,29.22266,9.207888,10.96181,0.5616048,7.200964,25.00999,4.333345,0.3187333,8.531678,2.170648,19.672,4
GSM617328,0.3342884,23.47992,3.05052,4.280108,10.38664,14.59594,32.77487,0.2724148,7.094415,25.11247,1.431278,0.2061494,10.6876,3.530213,23.02294,4
GSM617329,20.446089999999998,23.78158,9.454759,6.152225,23.63096,7.46155,24.02889,18.45084,28.8929,16.90393,16.94545,4.716548,20.05595,0.9532563,16.06229,4
GSM617330,29.662090000000003,17.84079,4.997123,2.436824,19.01241,19.97081,28.74,21.87784,3.953585,0.1591631,8.462924000000001,0.1411057,4.763116,25.61319,19.16001,4
GSM617331,21.79202,15.46648,4.132432,2.1788380000000003,11.28172,16.10821,31.59116,8.219507,18.91427,12.91581,24.85274,7.203859,15.02425,6.0763120000000015,22.17931,4
GSM617332,29.519920000000003,13.95743,4.194736,0.7221886,15.6383,10.83267,0.6766475000000001,16.26207,5.147821,0.8266514000000001,2.2024,0.04687453,2.089193,3.091851,24.8231,4
GSM617333,17.02936,13.74879,0.6762806,2.530594,4.8108309999999985,2.7894240000000003,10.79128,4.546521,8.21908,5.668351,18.00347,0.4918239,9.27564,8.511846,27.24302,4
GSM617334,28.76045,21.95711,5.897058,6.791978,5.439548,18.6531,15.87021,4.789363,10.37956,19.01645,18.83166,0.6491091999999999,7.243855,0.2196327,23.39128,4
GSM617335,6.87825,29.81973,15.97918,1.561099,26.93447,3.332486,0.4902317,0.4669821,0.6489592,13.92011,31.81332,0.1806184,0.1901651,0.4965219,11.84241,4
GSM617336,0.3163052,30.67588,2.776475,8.971766,7.734317999999999,0.09198722,25.91407,0.1099711,21.269920000000006,22.41135,1.505519,0.17648529999999998,12.43571,0.8790328000000002,13.27004,4
GSM617337,27.43187,22.5242,8.538013000000001,2.725474,23.13392,3.832815,19.43875,14.23031,4.727286,16.95675,7.686445,0.1725077,4.133675,0.3917075999999999,21.04228,4
GSM617338,5.540332,18.32848,1.025452,0.8518457,1.437861,7.9712770000000015,0.086996,0.3520909,2.856534,3.066993,22.08014,0.28531100000000004,2.793688,25.16284,25.91094,4
GSM617339,31.517509999999998,29.73813,8.169131,1.814444,26.88829,24.87399,8.030577000000001,30.63024,4.858005,11.11484,18.22853,11.21945,4.3532910000000005,6.62363,22.09586,4
GSM617340,24.87956,11.47288,1.050317,1.114089,6.453348,16.122529999999998,13.50927,4.147442,8.471673,18.60446,16.10042,0.6701095,6.5951369999999985,2.98854,19.67003,4
GSM617341,29.13768,18.15966,3.4203870000000003,1.255365,17.19537,2.979341,1.944008,16.69794,3.872833,0.8433359,1.707112,0.5398781,3.729959,0.7343123,9.538394,4
GSM617342,22.660339999999998,29.71994,6.318956,1.177679,15.08346,18.98922,30.342270000000006,10.28121,4.531882,0.1948816,28.62684,0.22001170000000006,3.4499910000000003,3.011878,25.17621,4
GSM617343,9.515981,21.96256,12.05051,0.8180419,21.74948,13.291529999999998,29.26663,4.668281,1.709703,28.2609,22.424,0.451072,1.181278,12.03786,20.6243,4
GSM617344,19.980179999999997,22.81738,1.079077,1.365378,1.6991,3.487831,2.077603,34.48165,9.369637,13.88151,6.91112,0.1549128,5.945265,1.345047,24.20325,4
GSM617345,0.6741083000000001,16.73503,6.372730000000002,0.30855340000000003,9.795339,9.718889,0.4632238,0.33175809999999994,0.5002633,0.04917725,3.511307,0.1965606,0.28745740000000003,1.587285,22.87516,4
GSM617346,8.21155,17.56883,3.091627,1.738633,12.2345,24.72295,0.1916727,1.573041,10.49136,15.73298,17.13724,0.1746444,8.663603,9.875466,16.40352,4
GSM617347,6.962364999999999,11.15103,3.02639,0.9817233,9.805935,18.18282,3.556719,1.2030610000000002,5.879539,0.0208391,20.926170000000006,0.2502952,3.992391000000001,10.25098,18.12554,4
GSM617348,30.32348,19.38655,10.55926,0.8392439,20.90939,13.52581,0.1764466,28.475890000000003,1.485515,0.0164742,0.9839197,0.6146391999999999,1.009411,0.4811709,15.60284,4
GSM617349,0.3050303,13.70849,4.501228,0.3311023,17.81966,0.4370043,4.656733999999998,0.2511797,4.185532,13.82274,17.439510000000002,0.0608496,1.619153,7.139444,14.31525,4
GSM617350,0.34719770000000005,10.82884,0.3060281,1.329165,0.5243505,3.508736,0.3682839000000001,0.4453286,9.010946,10.52553,16.82439,0.08728491,11.0158,0.2913294,15.87715,4
GSM617351,14.774389999999999,23.80016,0.3545598,1.588449,1.188504,20.53392,0.5922435,0.2024078,17.45666,0.03640038,26.45675,0.14503470000000002,7.664153,11.91054,24.35016,4
GSM617352,7.958245,10.74418,14.32858,1.187987,26.39597,0.1839769,25.27212,1.569919,6.493659,10.4987,6.1552370000000005,0.06582577,5.323271,0.09129407,20.82549,4
GSM617353,14.567929999999999,21.16213,4.050802,6.744884,15.90749,1.741687,8.844714,0.4210877000000001,19.9898,2.420389,3.50965,0.6489708000000001,15.32646,1.115685,13.75445,4
GSM617354,8.624827,20.24164,3.4741160000000004,2.254703,11.19471,2.183411,4.037072,2.377603,5.813656,0.6662709,3.70808,0.28004840000000003,6.279804,15.45117,24.60793,4
GSM617355,1.084166,33.64738,8.124924,4.906795,20.60101,14.36747,36.62388,2.3582970000000003,6.002335,1.846736,1.915244,0.4012676,9.670633,3.852475,24.06632,4
GSM617356,3.34214,27.95206,0.5356917,3.447255,2.49487,19.19458,2.0592200000000003,1.163769,17.34113,24.63274,1.859419,0.6458927,13.827470000000002,2.699399,11.50231,4
GSM617357,8.301423,9.324585,2.756812,0.5502878999999999,14.722170000000002,13.91086,34.29149,0.2249481,1.713052,15.21329,33.63458,0.129437,1.120484,0.2447854,21.76418,4
GSM617358,29.35575,31.78635,2.673028,1.367467,20.05937,17.31488,2.210218,12.8334,3.215724,13.843420000000002,2.520121,0.2351496,2.529586,0.1881522,20.90847,4
GSM617359,16.30025,14.00429,3.329326,0.5175055000000001,3.199983,0.9971417,0.2318315,0.2031767,4.723779,1.794191,28.952790000000004,0.1614221,3.906102,2.579003,13.82767,4
GSM617360,0.36261059999999995,22.45336,2.15041,2.3453880000000003,4.521039,0.6529855,2.241919,0.179705,37.25745,5.255701,26.79295,0.2424371,17.260279999999998,1.014311,13.36803,4
GSM617361,33.228190000000005,29.30362,1.36734,1.06402,8.93854,13.6453,0.22233720000000004,33.21921,2.282469,14.48104,1.209019,0.5775263,4.4796580000000015,0.2194294,18.61897,4
GSM617362,2.382263,24.33231,8.068577000000001,6.435672,17.588179999999998,0.6858938,0.2974528,2.922225,11.39093,4.999321,16.178060000000002,0.1608295,4.620592,1.088302,11.66537,4
GSM617363,0.15531520000000001,12.45509,9.716735,5.620118,23.40585,0.1022849,9.516845,0.2255335,41.80127,23.23624,0.1913807,0.1314062,24.39086,2.533185,14.61847,4
GSM617364,1.344411,30.42369,18.71443,4.3142559999999985,24.45099,8.270078999999999,33.907340000000005,0.8356150999999999,3.4843620000000004,0.6065626000000001,11.98017,0.8786939,2.530981,0.2768522,19.35895,4
GSM617365,25.46613,31.32105,1.003815,1.911938,2.388807,0.5233722,14.742729999999998,9.65505,6.075171,25.14834,1.372133,0.17241320000000002,2.265194,0.09377535,16.02688,4
GSM617366,4.243171,27.54143,3.200497,4.374308,8.200967,7.16926,12.97204,2.908073,27.44577,13.52302,0.6195461999999999,0.3201684,20.24607,11.90376,13.84236,4
GSM617367,18.15138,24.57218,4.198353,4.157562,17.83565,5.027034,14.26359,3.269771,25.51437,6.276618,21.19482,0.2893925,19.28472,19.74349,27.08572,4
GSM617368,13.033439999999999,29.02861,8.273257000000001,2.398676,14.9924,1.294198,1.431285,0.34120500000000004,11.81693,1.403198,30.32667,0.32107529999999995,9.732717999999998,10.40897,15.43833,4
GSM617369,9.264778999999999,26.10272,1.231826,9.054108,9.360603,16.31032,2.018864,4.045602,30.30796,15.45304,21.49596,0.2098591,22.8406,7.272587,20.27378,4
GSM617370,4.680662,13.81571,1.681491,1.13301,14.52331,5.588615,1.903907,9.623443,5.083928,21.81261,0.4230547000000001,0.2209596,2.648572,0.2393984,15.0162,4
GSM617371,2.967435,7.805414999999999,8.732986,3.159567,25.71791,12.9082,34.2425,0.735209,14.40474,0.5310984000000001,17.10557,0.3407745,11.56129,3.892247,23.6565,4
GSM617372,23.29871,14.65616,0.6617770000000001,1.928986,2.6436580000000003,3.222188,1.839362,23.55582,6.370707,4.521674,8.137467,0.2599493,6.35869,0.2029371,16.31145,4
GSM617373,1.6665450000000002,18.80349,5.906975,0.8241268,21.55366,1.741395,7.8309190000000015,0.767655,3.186532,1.616726,26.18637,0.115373,2.251395,1.053118,18.98592,4
GSM617374,10.08462,11.10402,17.634970000000006,3.348012,27.01225,14.26903,25.9949,3.350888,28.92933,4.146339,17.2541,0.3917173,18.58334,18.9968,25.35478,4
GSM617375,0.3857115,13.29981,8.332705,0.2504285,0.3424459,1.804664,14.01632,0.1802703,3.474678,0.2725711,10.01691,0.220635,3.511581,1.054035,21.3317,4
GSM617376,16.35127,30.4561,3.194545,1.435452,10.57357,26.0251,13.03472,0.2924897,7.353622,18.17428,6.395208,0.9575412,7.2890320000000015,10.69105,24.15073,4
GSM617377,0.3264189,11.77883,6.421279,0.8377054,16.83697,0.31417690000000004,8.830175,0.553638,5.560378,1.2714379999999998,7.611219,0.08960981,2.882071,0.1008735,15.54131,4
GSM617378,0.5380560999999999,8.831961999999997,0.979613,1.020427,4.048568,0.9323726,0.2496675,0.240028,5.731859,9.016168,21.08086,0.08800183,8.909158,0.2735962,17.347,4
GSM617379,32.63257,32.36916,12.36898,1.255639,23.90019,24.73491,2.0396810000000003,6.31882,9.236771,4.445014,5.76351,0.1245111,8.270061,0.2396257,21.47917,4
GSM617380,0.7374999,11.48855,1.154559,4.624781,2.6711560000000003,2.327551,0.3909646,0.3133768,34.481120000000004,8.953608000000003,17.64141,0.9008552,23.89237,0.2244156,13.53481,4
GSM617381,5.170172,17.0478,1.030027,3.352214,4.2998059999999985,4.978081,25.62058,2.04021,30.28307,10.35637,3.179072,0.33304120000000004,20.36116,3.754288,22.65369,4
GSM617382,28.474,11.98525,0.5324274999999999,2.993469,0.8441026,0.1476797,11.15985,10.18125,32.39457,23.08444,1.912464,0.26266,16.105529999999998,0.05814059,23.00819,4
GSM617383,4.679733000000001,11.06799,1.050533,0.1543537,10.64327,7.923105,0.07658157,7.675207,1.529986,2.11785,2.784976,0.1678145,0.1790985,6.696217,24.4653,4
GSM617384,10.8694,27.16285,1.614267,3.021425,4.946561,0.6184350000000001,11.9254,0.2206971,12.16705,15.55619,9.899992,0.12228110000000003,8.052833999999999,2.189087,26.41727,4
GSM617385,8.338022,14.405,0.8162771,0.8532162,5.532389,0.2476053,0.2944896,21.81594,5.34795,5.246704,0.5765708,0.07008833,5.8988,0.3077565,14.96826,4
GSM617386,0.4411474,11.01461,0.8086364,1.90083,1.800534,5.255454,29.4395,0.2673527,12.22715,0.8774649,17.190170000000002,0.2914578,11.36135,3.989304,23.09557,4
GSM617387,2.0787880000000003,24.42674,1.1739879999999998,1.807359,3.3457440000000003,1.029313,1.440443,0.8977904000000001,15.09909,20.51668,18.6261,0.1348203,8.819500999999997,1.441662,17.11445,4
GSM617388,24.89474,17.47147,1.259421,0.5590022,13.95776,20.3519,0.1494106,30.603590000000004,1.049063,18.76744,2.975,0.1998787,0.40997,8.051238,19.74932,4
GSM617389,10.77618,13.21739,2.1310740000000004,0.7358283,12.44084,25.56841,0.2543365,1.256887,9.183193,19.10733,3.485464,3.82784,8.729330000000001,12.50008,24.77897,4
GSM617390,34.016729999999995,13.34944,0.9285391,0.3267421,20.67014,17.87135,0.6674772,29.66031,1.289131,17.40063,1.778309,0.15157920000000005,1.647659,2.690834,22.04244,4
GSM617391,7.3884669999999995,17.09214,6.251654,3.2353,15.24614,18.24437,29.39203,1.140458,11.44429,13.79349,27.46709,0.8082606,11.81928,4.454422,21.55448,4
GSM617392,5.455997,26.711640000000006,11.64053,0.678643,14.94685,2.386284,11.35937,0.2646401,4.769304,1.126211,25.4185,0.405831,3.497774,6.435834,18.31166,4
GSM617393,12.44433,16.531570000000002,8.023422,5.8924949999999985,16.6332,3.381243,30.56268,13.34324,22.42035,11.29653,18.03453,0.6825342,14.95596,0.5045813,11.25636,4
GSM617394,21.40985,15.83301,10.90959,6.732409,24.42454,11.3178,25.0008,23.56987,22.66668,5.176977,13.42963,6.75494,13.73531,7.409700999999999,17.58984,4
GSM617395,0.8911661,15.82959,5.6255169999999985,3.412163,14.50678,1.445539,9.349919,0.6193434,22.82578,3.991332,16.0081,0.4358168,12.85277,0.5017140999999999,12.18247,4
GSM617396,3.792852,20.76467,1.952575,1.367034,4.442446,0.5358934,0.2291898,1.724509,16.17994,12.10941,15.52964,0.1902156,9.802471,0.13002139999999998,5.878933999999999,4
GSM617397,29.88107,10.60514,3.906519,0.3725714000000001,21.36352,1.72877,0.1316504,13.5572,1.637229,1.389371,29.48821,0.2024861,1.21254,0.7332462,18.38556,4
GSM617398,2.0127770000000003,17.75181,3.473354,5.364882,19.54589,24.52501,26.13377,0.3299042,18.52766,24.445870000000006,19.767670000000006,1.2037719999999998,11.97982,2.567462,28.4498,4
GSM617399,34.75553,31.61996,0.6743406999999999,1.108845,5.849996,13.86795,31.30225,11.60075,0.464719,20.85336,0.9961756,0.2734879000000001,0.1868132,0.3698515,17.345879999999998,4
GSM617400,2.1409580000000004,8.283973,1.605402,3.454197,8.409298,5.621297,0.3271416,3.886251,23.40773,6.022887,12.46267,0.1504221,14.1246,1.689628,22.19123,4
GSM617401,0.5813060999999999,22.24771,4.507317,16.54739,14.2129,0.3332136,0.7250066,0.8592136999999999,47.93162,19.26181,0.111644,0.6861098000000001,31.29036,0.3383581,12.23542,4
GSM617402,3.047992,7.700912,3.815425,0.6157054,3.833284,3.795269,15.47803,0.8807457000000001,2.154066,0.16566,26.80676,0.09485683,0.4540362,0.06652425,8.94768,4
GSM617403,0.578396,11.78359,14.50808,0.4368760999999999,25.47052,3.648778,14.3693,0.3332626,2.329871,0.3849373,24.59743,0.8095651,0.8892021999999999,1.596559,21.47844,4
GSM617404,0.1005727,19.92782,3.495255,6.087279,10.05184,0.16774129999999998,0.1389103,0.1820579,30.22535,6.451745,2.642078,0.1024359,16.50164,0.9740614,8.558016,4
GSM617405,1.0603209999999998,12.26208,12.9904,0.752346,22.27168,0.8917864999999999,19.76813,0.7235732,6.755317,19.37033,26.943240000000007,0.2555889,2.318967,0.05113536,22.01384,4
GSM617406,7.879322,30.31162,0.7438384,4.450582,1.837755,29.0393,0.3787893,1.589244,14.506670000000002,5.888027,2.72558,0.2800812,17.76427,4.945526,24.40691,4
GSM617407,2.828122,33.63299,4.220993,6.340089,13.67978,0.2654533,6.155214,0.3638149000000001,40.49391,21.72099,3.3992760000000004,0.1347034,23.94564,1.855139,11.09169,4
GSM617408,7.784336,12.91585,3.286967,2.316209,16.29576,6.801728999999999,9.224075,0.301647,21.31289,14.28699,21.50769,1.214102,14.17054,11.09015,14.63706,4
GSM617409,28.26527,10.35497,9.913006,3.690507,27.26215,3.074037,6.959321000000001,6.363482,24.93395,4.341828,4.125787,1.455707,14.17603,1.226868,19.43021,4
GSM617410,1.8087330000000001,13.23965,2.780563,0.8698587,8.749583,15.83968,1.920114,1.274598,7.978649000000001,0.2395567,11.00936,0.3652483,4.109972,13.196179999999998,21.5472,4
GSM617411,1.136064,23.70613,2.291486,6.420331,6.520919,0.1604907,11.56024,0.2484709,2.563991,3.91558,21.06946,0.08373924,0.7194257,0.1804557,19.100720000000006,4
GSM617412,9.373752,15.63736,10.35172,2.29035,18.93572,2.52129,1.188286,12.93184,30.096590000000006,4.893896,3.2662720000000003,1.450512,14.138179999999998,1.173025,9.672423,4
GSM617413,0.4515042,10.22332,0.29054440000000004,0.5691991,1.481851,8.539783,0.17039939999999998,0.31946529999999995,1.964926,0.07344239999999999,1.506017,0.4958719,0.9726031,2.940116,20.33453,4
GSM617414,25.784,10.79388,6.281971,1.135251,20.61755,0.2265878,10.64626,12.69373,1.244623,16.523989999999998,2.821006,0.2135871,0.3359868,0.2806553,18.10923,4
GSM617415,15.44244,13.75228,1.740638,5.787171,4.327991,12.48737,17.01829,2.266079,37.26947,12.66895,26.97145,1.746404,20.87568,5.565066000000002,17.50711,4
GSM617416,26.704159999999998,22.59711,0.8242653,1.649103,7.928657,9.368124,7.414254,2.09346,6.703935,2.06931,25.23086,0.34078309999999995,7.994956,4.587839,21.39105,4
GSM617417,7.74965,20.87423,5.399911,5.574976,17.74579,4.584565,2.074916,15.81862,25.57433,7.324775999999999,19.64077,2.059774,15.62578,1.870104,23.03811,4
GSM617418,0.1221874,28.88073,9.432562,0.5150895000000001,24.69644,0.2502334,2.4291270000000003,0.1824261,3.247293,0.05616096,0.5797787,0.05042193,2.099124,0.2110607,12.01351,4
GSM617419,3.6553440000000004,9.049781,1.842008,0.2408116,5.9056370000000005,0.3051186,0.7483326,4.027357,2.573902,19.35482,3.3745580000000004,0.4096834,0.5064496,0.1177079,24.70396,4
GSM617420,23.06583,20.33362,2.968529,4.212492,11.58857,3.337701,1.056268,10.03654,31.28448,19.2904,7.722252,0.30882009999999993,21.82995,0.13371860000000002,17.57281,4
GSM617421,0.6218965999999999,17.50887,8.110697,10.98847,8.687041,0.5728165,5.9751330000000005,1.172091,48.80246,3.643408,2.897039,0.2290648,34.35764,1.560342,17.5477,4
GSM617422,5.865552,24.20178,0.5614838000000001,2.221936,3.5215690000000004,24.04199,17.44979,3.024648,8.390895,15.95369,9.304397,0.533646,6.725712,2.06907,14.45182,4
GSM617423,2.5381150000000003,20.05013,2.2442,0.3630098,10.12198,9.875147,7.259813999999999,2.060047,1.490615,3.532611,13.48862,0.06427881,0.2014442,4.402348,27.37908,4
GSM617424,0.5344272,10.53212,5.741428,1.288491,16.883779999999998,0.215082,1.507491,1.150292,6.482911,2.824449,8.334118,0.1016013,4.208138,0.05648364,8.078009,4
GSM617425,17.72539,20.59192,0.8499527,2.674176,2.904113,21.66212,13.57642,1.530834,18.62359,24.07463,9.34101,0.2298567,12.24869,13.04583,21.56993,4
GSM617426,2.365363,16.8229,14.21745,0.4927499,18.91814,8.947548,0.323469,0.4207239,1.251474,0.7599755,32.19637,0.1525568,0.6720073000000001,6.472934,17.19525,4
GSM617427,1.555049,11.31713,1.798588,0.3002875,2.312794,7.947964,0.1177019,0.476555,3.80036,0.758297,14.86385,0.08083559,4.687817,14.25883,22.38002,4
GSM617428,25.09467,16.608060000000002,1.171042,5.341257,3.95308,0.254853,1.836161,12.53661,23.23596,7.630346,4.146816,0.2403565,10.02296,4.169735,23.8498,4
GSM617429,0.49303959999999997,10.52217,1.728384,0.8634503000000001,9.655684,5.760026,26.21012,0.3124688,2.868418,1.026669,1.968979,0.2235125,1.044116,0.4121255999999999,15.340979999999998,4
GSM617430,11.8284,24.82465,3.399595,1.788946,14.80534,0.9016048,0.4670395000000001,0.16219760000000005,18.43944,0.07924552,12.33583,0.1335964,16.19081,6.5396800000000015,15.54126,4
GSM617431,13.6077,9.259366,8.120272,3.5101379999999995,21.00926,3.4575720000000003,2.934298,9.448244,39.90233,6.785372,2.149293,0.8258284,23.40811,0.4952015,17.8391,4
GSM617432,6.146081,12.58154,1.274154,3.708159,4.411521,8.723859,3.314806,1.223595,34.36363,26.405140000000006,17.06486,0.4303384,22.21918,9.607462,25.40203,4
GSM617433,25.74515,9.383242,3.206319,0.7343462,0.3089487,2.477121,0.9282405,3.046537,3.40749,0.08258036,1.73151,0.1370825,4.225912,1.030576,25.20093,4
GSM617434,10.55826,14.57569,4.035532,0.857017,18.80456,1.094693,0.1033388,0.1732499,14.22167,0.01736688,10.01223,0.06867529,17.82137,5.95124,16.62758,4
GSM617435,2.282987,30.6877,1.266474,0.6572422,6.110837999999998,0.418487,0.3710649,5.4663,46.20677,13.954479999999998,0.09613569,0.3276929,42.87461,1.031696,6.2409300000000005,4
GSM617436,15.854470000000001,22.51684,14.28935,0.277641,20.41611,1.015325,29.76652,1.052167,6.5857,8.304872999999999,19.45062,0.4211789000000001,3.61472,2.374304,14.37947,4
GSM617437,0.787933,15.49307,0.6085932,0.3719847,3.485491000000001,12.28337,0.2272027,0.5447486999999999,1.50532,2.37856,2.950734,0.2405034,2.539174,15.1884,24.24626,4
GSM617438,1.055199,16.780839999999998,0.7530039000000001,0.987142,2.555189,0.3785812,9.10245,0.7229441999999999,5.349569,19.64959,21.57652,0.15814029999999998,3.074637,3.804934,23.31875,4
GSM617439,27.295509999999997,12.75043,1.641305,14.4503,5.643573,17.06211,1.007301,16.10344,7.029381,12.71016,12.06573,0.1674264,16.347260000000002,18.84092,25.56297,4
GSM617440,5.549735,19.84278,1.187329,0.9995884,1.685859,1.407689,7.30612,0.6858506,7.128866,11.61174,4.4105919999999985,0.1164015,6.986959,2.099398,27.38056,4
GSM617441,6.873798,8.204713,0.4229207,0.5951810000000001,0.6183004,3.655692,0.9278544,8.531902,10.4647,0.1099005,25.276770000000006,0.1576038,7.668556,0.6272149,23.133470000000006,4
GSM617442,34.01315,9.936816,1.4347299999999998,3.786639,13.73186,0.6972404999999999,0.4237376000000001,4.905359,1.350625,1.800143,1.016333,0.1028778,0.9249119,0.09645482,22.32317,4
GSM617443,1.686451,20.22359,8.204609,3.283206,11.63498,1.125167,2.397815,0.5284323000000001,41.9724,21.92554,3.436167,0.1688259,20.04797,0.21122220000000005,16.960910000000002,4
GSM617444,1.7305580000000003,4.576173000000002,6.471742,0.3792775,24.3574,0.561563,0.1164741,1.7920490000000002,0.9487552,0.8531483,6.649651,0.3784719,0.5374148,15.529329999999998,19.04589,4
GSM617445,29.91067,20.357470000000006,1.796925,5.571861,6.748262,24.69289,15.52541,0.6730225000000001,24.13577,23.70228,17.553420000000006,0.5328323,18.16755,0.12504880000000002,25.37364,4
GSM617446,3.22353,8.400372,15.487429999999998,0.8386491,24.47871,11.63601,18.32144,1.095087,6.517371,13.32645,4.892949,0.4699513,4.592293,0.6735441999999999,20.15709,4
GSM617447,21.05708,17.05389,16.54476,3.321767,29.65141,8.050748,24.56019,13.83086,14.24833,1.970303,3.042721,0.3478792,10.14579,13.08436,20.10815,4
GSM617448,0.8921965000000001,19.40891,1.84115,0.4650585999999999,4.324367,0.09828263,3.011434,0.3961064,1.929341,27.26216,24.11835,0.06154089,3.416487,0.1291521,8.792036,4
GSM617449,0.2291185,32.07508,1.353293,0.7085489,1.461372,0.7975954000000001,24.4546,0.2087662,13.83379,2.130805,0.8871914000000001,0.1302424,6.21519,0.0633691,5.2195839999999984,4
GSM617450,6.202851,9.126419,2.303037,1.048585,16.370820000000002,6.247243,11.69954,0.2270309,10.56887,2.691653,27.31413,0.5101611,5.4309080000000005,0.7687275,18.7528,4
GSM617451,0.9511639000000001,19.31151,2.557705,3.4488510000000003,14.31756,0.333574,0.1460296,0.6366666,37.95246,0.05484679,25.99742,0.271742,23.08645,3.564914,12.91665,4
GSM617452,15.49285,14.29487,2.04652,1.532633,13.59714,30.47401,0.2194716,0.7610329,1.59888,4.882864,6.5607630000000015,0.1751358,2.340448,13.55559,17.46959,4
GSM617453,13.31199,16.82098,9.095674,1.579271,17.55473,14.511029999999998,23.82061,25.41501,21.21309,24.9845,2.497993,0.4267148,14.41579,0.7652318,24.74239,4
GSM617454,0.2566868,12.35548,3.349614,0.9155464,6.975418,0.1651162,1.618736,0.2820273,9.064303,3.727425,4.396219,0.06359998,3.355669,0.135678,14.011779999999998,4
GSM617455,1.477517,7.159013000000002,0.8219828000000001,0.7068679,1.079012,25.83754,0.3067533,3.703794,3.093074,22.50627,7.009075,0.08397137,4.347709,6.790273,23.08665,4
GSM617456,0.3834262,9.943969,15.363170000000002,1.025503,25.37057,2.146151,2.24002,0.20830370000000006,4.949054,0.5839416000000001,2.509905,0.1250386,2.033348,0.6739822,24.94316,4
GSM617457,33.72218,8.916713,2.814811,0.6995701999999999,13.08929,5.672138,0.2324187,18.88977,0.7591158,4.8986519999999985,0.793689,0.05430083,0.7486696,0.8900796000000001,18.66481,4
GSM617458,32.92107,16.54427,5.577973,0.381695,16.16241,0.7597163,0.8269569999999999,15.93104,3.164214,15.131670000000002,2.057631,0.1519325,2.450685,0.2210254,19.62601,4
GSM617459,15.910329999999998,12.06433,0.9772688,1.157616,4.488594,26.34979,0.7289143,4.3610989999999985,4.11401,11.79897,15.008029999999998,9.270187,5.25777,10.73971,28.09656,4
GSM617460,0.3157485,23.8379,3.176037,4.803327,14.57258,2.55143,20.72595,0.2544187,4.172328,20.07226,1.542968,0.2671952,4.86025,1.373347,22.18831,4
GSM617461,7.652678999999999,16.00579,17.68601,5.713085,32.80232,4.436013,7.3184179999999985,0.3920687,14.25306,1.112042,11.06429,0.2093292,11.66098,4.672358999999998,26.97068,4
GSM617462,1.576777,17.32552,1.477778,0.4000042,4.635087,2.343763,1.695653,0.4206409,9.315311,27.30268,2.617872,0.15823589999999998,4.853985,0.4481323,22.85464,4
GSM617463,9.959762,13.81502,0.7256393,1.128385,1.122707,0.5853811999999999,29.31682,0.2955638,18.00414,4.101006,6.1046830000000005,0.2900368,9.212404,4.568074,26.04204,4
GSM617464,2.814676,8.984430999999997,2.590763,3.0870610000000003,7.724319,0.6590869,0.8770924000000001,1.977293,30.5868,5.922225,1.2151379999999998,0.7018085000000001,16.5616,0.6368476,7.9516490000000015,4
GSM617465,1.210145,16.89141,1.636672,0.3379455,13.30972,0.2565584,0.7637988,0.2379287,5.422114,0.6931623,24.4808,0.1288417,1.465283,0.09040984,7.572031,4
GSM617466,34.131840000000004,16.256420000000002,5.167375,0.4513784000000001,19.25346,8.518138,0.2088929,17.580479999999998,3.039647,13.20669,0.9197511,0.2631426,6.101566,0.7149664000000001,16.65571,4
GSM617467,24.82763,8.613951,4.628521,0.8330979,18.28577,0.1206862,0.7739503000000001,28.61261,16.94141,0.0685784,1.6408080000000005,0.05008235,4.927678,0.08408294,12.49237,4
GSM617468,0.3653635,27.49088,3.295342,1.202367,10.13006,0.1836134,0.4230938,0.2219801,4.912065,21.79022,9.286252,0.0704262,2.300817,3.455439,18.80614,4
GSM617469,39.24556,12.00253,0.3926196,0.4244219,2.218357,18.17486,0.09102038,21.22475,0.6547708999999999,25.23362,3.435935,0.09201283,0.7560458000000001,1.1288129999999998,21.70519,4
GSM617470,0.24570679999999998,5.589532,0.5436449000000001,0.7052519,1.4603959999999998,0.21930410000000006,0.07269081,0.227188,17.203689999999998,0.3434879,0.764595,0.09334939,10.33111,2.049516,12.66124,4
GSM617471,6.659502000000001,19.80541,0.7619779999999999,1.33557,1.657129,1.254648,0.1094994,1.291619,10.83255,1.138377,24.82059,0.09089019999999999,11.11224,1.158932,20.76474,4
GSM617472,1.505387,3.750533,0.9717724,0.3306671,5.60577,0.10840919999999997,0.21121350000000005,0.5175479000000001,1.927641,0.6733871,4.993215,0.1058171,0.5716918000000001,0.4299695,12.17841,4
GSM617473,2.0179720000000003,8.784441000000001,2.04215,0.5802848,7.138228999999999,1.696114,4.003822,1.349488,4.163837,2.933866,6.892016,0.09763302,6.068147,0.8810261,10.74983,4
GSM617474,2.0974880000000002,11.97429,5.325762,1.005939,16.44554,1.438382,9.35037,0.6672137,1.70863,5.625297,19.10762,0.09202843,0.6339855999999999,0.58002,11.48028,4
GSM617475,16.93702,11.41265,6.485342,0.1119168,19.86133,1.489533,1.273208,1.165372,2.766841,0.8482558000000001,31.49516,0.1516241,0.8611218,0.182795,10.18339,4
GSM617476,4.062494,21.18716,3.048572,3.212299,7.685235,6.706637,0.14119289999999998,1.370392,35.13991,1.599569,15.01937,0.1062521,24.21883,3.055948,13.65204,4
GSM617477,0.025822,11.21324,11.67387,5.147607,24.29229,0.06417590000000001,12.29412,0.2201696,46.49631,0.2665646,0.04691831,0.112472,29.68656,0.3017826,7.123517999999999,4
GSM617478,8.268656,4.347527,10.83428,0.2569266,22.36029,8.459278,7.986144,0.2994748,1.008402,11.2634,18.85194,0.2987743,0.324994,2.221203,19.45303,4
GSM617479,20.76882,23.32319,15.26389,2.675142,27.69541,20.52084,30.13045,10.89098,12.05601,11.51245,18.02177,1.860963,10.23757,3.129588,20.38605,4
GSM617480,23.39412,20.82827,4.793888,1.1966629999999998,11.75708,4.1190690000000005,21.45535,6.686269,5.271558,1.403016,13.448570000000002,0.1341886,4.06482,3.207359,24.32494,4
GSM617481,1.453794,16.602120000000006,1.206917,0.6782590000000001,1.512603,1.230404,0.3128708,0.265956,17.91425,22.86349,12.50507,0.3064382,13.47964,2.701372,8.325644,4
GSM617482,0.9119295000000001,16.257070000000002,1.680513,0.432459,10.90397,0.2074489,8.714732000000001,0.3662204,3.487407,1.915683,0.758426,0.1372352,0.6066373,0.04965205,14.164829999999998,4
GSM617483,13.151489999999999,2.9685490000000003,4.462885,0.05223412,16.16189,1.3283049999999998,0.09128889,16.856920000000002,0.811211,7.712366,32.96154,0.09392237,0.1838762,0.1408703,8.921717999999998,4
GSM617484,4.4463029999999995,28.22477,2.378147,2.85358,11.23205,5.1816010000000015,14.03905,0.5685203000000001,29.59273,5.048329,25.01496,0.2764151,13.52561,1.7365389999999998,21.6665,4
GSM617485,1.576865,11.36815,1.268207,2.201323,6.384819,17.696679999999994,0.3060335,0.7921834,20.44257,10.35254,28.97725,0.4910507000000001,13.24791,12.80276,22.38618,4
GSM617486,1.109134,11.05591,0.4818979000000001,1.362636,1.12762,13.01207,0.1516761,0.4895439,3.74988,0.8587044,1.62708,0.1299577,2.605711,1.837346,20.20023,4
GSM617487,1.711746,18.83576,15.93749,0.1572914,24.0388,13.59029,13.57379,0.4625758,0.3725974,26.02675,3.510822,0.1245469,0.09955912,5.240228,14.85299,4
GSM617488,16.81874,5.655711,11.1279,0.4930514,17.57486,0.3813848,6.49789,19.4556,4.624448,0.3598654000000001,2.474771,0.1425017,1.6821080000000002,0.06095114,29.21896,4
GSM617489,12.34475,15.93439,9.960982,3.670197,23.12268,11.96644,4.39957,18.90129,5.921526999999998,7.110741,7.040773,0.1531138,3.831464,4.567468,23.17608,4
GSM617490,7.77831,17.599729999999994,1.096898,4.824089,10.60569,3.974892,29.53407,3.496782,7.61941,18.90154,19.48519,0.13328220000000002,4.162468,0.4302165,19.13368,4
GSM617491,1.919645,12.25485,3.056377,3.377479,4.059453,2.258724,8.200885000000001,5.667157,11.85932,4.87236,26.73547,4.8981949999999985,11.59786,2.266526,20.30771,4
GSM617492,16.19765,25.26673,2.200751,1.009713,14.50482,0.3252985,30.9619,2.146212,2.5639380000000003,23.40279,0.9411294,0.1192645,0.7832962,0.07858691,22.63749,4
GSM617493,0.5987185,17.496229999999994,1.269179,4.591741000000002,5.381168,0.1401353,11.02025,0.380365,34.32545,22.47538,0.4253509,0.1897323,13.79418,0.5563421,8.956016,4
GSM617494,1.122398,31.3497,0.8749993,0.6293772,4.120932,11.17672,30.75754,0.7156354,3.465299,1.7211009999999998,4.011526,0.2868136,4.1234660000000005,1.4318799999999998,24.30294,4
GSM617495,0.04482763,11.73914,5.447731,2.264942,3.443821,0.06538159,0.09654466,0.2956277,42.44682,0.4992495,0.0315803,0.03121239,17.85434,0.04437235,2.675462,4
GSM617496,11.44487,10.78513,2.7625040000000003,1.431007,21.17462,29.56045,0.1635661,0.9630626,3.648641000000001,7.918753999999999,7.586925,2.185537,5.592564,5.067949,30.04752,4
GSM617497,5.021758999999999,22.66487,1.776775,0.1588093,4.6411430000000005,1.733901,3.183082,0.2780843,2.152348,0.07787351,37.29066,1.656377,2.009299,1.78909,28.36891,4
GSM617498,10.55592,11.00902,2.417448,2.160113,4.086397,17.465870000000002,2.174152,3.634337,14.72772,7.281736,15.36539,8.191566,14.42678,1.26804,23.98969,4
GSM617499,0.2940955,17.716079999999994,2.712072,1.911313,4.138278,1.178205,0.7083449,0.5575759,4.134191,4.975546,0.6431747,0.619185,2.766443,15.46199,23.15716,4
GSM617500,22.421429999999997,6.344972,6.380158,1.242542,19.105970000000006,16.60282,6.329049,9.388525,12.12386,19.24435,24.96533,2.553699,12.74973,23.529,26.29634,4
GSM617501,9.747494999999999,13.50984,22.32488,0.6384173000000001,38.54449,22.15467,0.9185318,4.391237,4.510286,0.289733,32.036390000000004,1.567437,5.506239,10.31762,26.39635,4
GSM617502,0.04525638,6.015006,10.75412,5.073766,25.70691,0.32066690000000003,0.2230628,0.2686955,8.210854,1.118509,5.092543,0.2405398,0.9845188,0.1718907,16.4905,4
GSM617503,0.11631010000000001,12.46483,3.5621910000000003,7.154752,9.173988,0.04752034,13.92288,0.18222420000000006,35.86129000000001,6.627213,0.1048395,0.1768622,25.20472,0.2106966,21.14985,4
GSM617504,0.23122179999999998,11.04983,1.302646,3.4605550000000003,3.981068,2.414079,19.58866,0.15672329999999998,29.17085,11.77393,30.16989,0.1575178,25.40423,0.211028,14.36176,4
GSM617505,18.9491,19.4754,9.621983,1.379464,15.53645,7.459707000000001,18.69123,7.528815,16.46769,8.874386,45.13887,1.6986869999999998,20.83303,8.440805000000001,20.95369,4
GSM617506,6.514973,12.36353,7.708536,0.74935,17.86799,2.4196,8.055538,0.4037535999999999,6.406947,2.940668,25.6194,0.5191886,4.337733999999998,0.5023920999999999,27.096020000000006,4
GSM617507,9.260809,11.26955,15.44512,0.3791619,24.85761,25.83695,8.676611,0.6966568000000001,1.210024,0.02481449,1.00869,0.04496329,0.21171750000000006,0.3505724,22.26689,4
GSM617508,15.78016,26.98026,10.92041,1.377153,30.8074,2.937659,1.71379,11.53068,2.212271,17.11864,2.867503,0.05943971,3.4413370000000003,0.4743143,15.66098,4
GSM617509,3.349901,3.053164,7.921742999999998,0.6312171,18.09784,1.378591,0.27878790000000003,0.9861392,19.80475,0.3784086,8.66962,0.4224333,9.392413,0.2244601,12.92373,4
GSM617510,24.60033,9.972955,3.012379,1.284317,19.26344,31.56247,0.5069085999999999,2.582834,14.6537,2.757118,6.950139999999998,1.075449,14.61615,15.63168,31.0617,4
GSM617511,8.494928999999999,9.274576,5.636935,0.6890831999999999,22.70534,2.829317,38.51781,1.259633,8.216414,21.50982,1.17711,2.659791,14.12187,0.8561423,30.04926,4
GSM617512,0.8146644000000001,4.304402,0.75618,0.6430138000000001,0.894905,1.331677,33.45028,0.3269769,6.455968,17.532989999999998,9.898447,0.09036269999999999,4.930502,1.381564,21.74278,4
GSM617513,6.0578970000000005,3.021651,3.471195,0.1971954,22.64069,0.1587984,0.22267670000000006,2.379655,2.6464,29.235440000000004,0.34298579999999995,0.1374559,0.6013463000000001,0.1061624,17.478189999999998,4
GSM617514,4.184355,16.46777,1.253007,2.388968,2.277202,3.017193,0.2950035,0.2038723,43.68058,5.404092,16.30696,0.5371543000000001,22.59325,0.9982846,13.57228,4
GSM617515,8.114152,16.31803,7.404323,0.8104696,14.56039,12.16057,15.4465,0.704531,8.996668,0.0570919,5.374393,1.83746,8.018245,2.238473,26.21831,4
GSM617516,11.98488,8.498558000000001,17.90875,0.7823635,25.05692,24.50489,7.917261,1.302793,1.831988,3.692684,5.629301,1.125889,2.148238,11.84719,25.06078,4
GSM617517,6.286605000000001,11.18167,21.25224,0.2680312,31.7588,0.4156441,15.28606,0.4107355,1.12161,1.058778,18.60444,0.3089524,0.2862754,0.3832024000000001,7.8184580000000015,4
GSM617518,19.21004,12.3982,3.618975,1.2636379999999998,25.50043,1.85547,24.06434,0.9361438,6.465937,26.395670000000006,1.019403,0.4725064000000001,4.154074,0.2348575,26.27967,4
GSM617519,7.125398,12.99454,1.242343,4.713788,3.105061,1.124534,0.7741387,0.778089,44.27578,1.405003,13.94927,0.3333705,32.19442,6.3675120000000005,23.51971,4
GSM617520,7.209096000000001,19.33475,1.402297,3.703187,5.074174,8.83405,17.474629999999998,0.2252668,26.83108,23.58128,25.29921,0.1006176,20.94444,2.323782,20.90619,4
GSM617521,3.183738,21.589920000000006,11.96416,0.4576718,25.92491,7.57378,19.23455,1.400384,1.267102,0.1340666,13.95401,0.5992399,1.373977,5.780871,25.48198,4
GSM617522,30.01142,8.95265,5.508224,1.710084,21.8116,2.317534,0.2804063,9.105068,15.85835,0.3684429,2.25579,3.183455,14.8891,0.2917218,17.28288,4
GSM617523,32.376509999999996,26.00832,2.778717,2.04018,22.38402,7.5520710000000015,21.58255,24.39315,3.705435,19.29474,5.26202,0.1657462,0.7328889000000001,0.1101205,24.83087,4
GSM617524,21.15138,16.13495,6.841071,1.585615,23.0507,13.63403,27.72555,5.076848,10.64393,27.59117,28.58202,0.4734481,5.050778,2.498035,23.27714,4
GSM617525,0.6309698,21.09031,0.6877846,0.557804,1.73199,1.362802,13.15976,0.3907743,4.138548,28.74792,6.589627,0.1981593,1.532318,0.5545481,25.57984,4
GSM617526,13.11931,27.79284,11.58121,3.803243,25.34737,15.61844,33.64447,1.534057,7.535125999999999,22.5605,9.847212,0.5566413,9.070038,21.71185,19.93559,4
GSM617527,14.13594,12.22125,2.690105,0.8612213,10.13083,14.87486,0.2903667,1.580451,4.652403,10.37039,11.66424,0.4076157,7.329608,12.28443,29.04492,4
GSM617528,19.79184,13.1645,2.677125,0.6636350999999999,10.03467,14.27415,14.39879,0.736537,5.803672,21.72199,6.887866000000002,4.593267,10.03692,16.91216,25.49018,4
GSM617529,24.1422,18.90499,1.628349,2.2362040000000003,4.241763,28.88308,2.08446,3.5314690000000004,4.018166000000001,23.80422,5.6960760000000015,0.3084373,4.018166000000001,11.4374,27.13236,4
GSM617530,14.466460000000001,31.075740000000003,8.297097,13.95565,25.99756,1.786216,3.457228,3.923547,45.88234,19.93849,4.654826,1.018046,34.1156,0.5677871999999999,11.92905,4
GSM617531,26.459709999999998,15.13642,0.722294,0.4279206,1.203434,4.784205,23.32351,1.279213,1.453404,0.25394770000000005,25.19909,0.1970139,1.2392610000000002,11.864,30.232440000000004,4
GSM617532,15.3257,30.30547,14.813770000000002,0.7724483,24.92431,9.448428,21.94932,14.3728,2.767213,13.550999999999998,26.01673,2.353451,1.514709,4.37239,15.15555,4
GSM617533,25.94794,34.29013,0.4647045999999999,0.4921465999999999,0.6495053000000001,23.72294,0.8609713,4.354754,0.8664294,0.7417164,30.37508,0.1023554,0.5743951999999999,12.92703,28.9393,4
GSM617534,0.8697439,16.06157,5.389812999999998,3.776095,16.74494,0.4674892,6.287732,0.3835543,2.736297,28.67637,27.88856,0.1104127,1.459729,0.6916108,21.93971,4
GSM617535,6.678435,16.939529999999998,11.46355,1.104296,26.97342,20.89613,0.4758853,0.3134584,2.398915,20.15224,4.165339,2.912209,2.212271,20.76131,24.11463,4
GSM617536,9.216594,22.09528,1.267452,0.6918522,1.146228,9.43329,19.98897,1.45531,11.33953,21.6273,27.158520000000006,0.17684070000000002,3.5360370000000003,0.1723242,13.67825,4
GSM617537,6.595298,21.35787,1.368664,0.8382466000000001,5.586835,23.90805,1.6918080000000002,1.051826,2.979462,14.68608,15.12251,0.592889,10.44421,23.36368,27.00344,4
GSM617538,7.567748,7.942492,2.963846,0.348528,20.00751,2.610554,0.721924,18.24675,2.008878,3.119028,13.903770000000002,0.4706014,8.678727,5.2292239999999985,16.364320000000006,4
GSM617539,13.17734,25.60993,1.249929,1.689032,0.9434615,4.024959,23.08637,7.922727,23.13824,0.8791604,25.40774,0.8333649999999999,16.675810000000002,15.10442,24.38402,4
GSM617540,9.317347999999999,24.11418,17.597379999999994,0.4311113,27.52612,12.05337,30.90386,1.151801,6.287839,2.267146,11.79424,0.9773621,4.423872,0.7446001,27.13883,4
GSM617541,30.211920000000003,19.88211,0.9967235,0.6410244,2.85186,20.64873,5.211556,0.2757452,2.615606,0.1441458,20.43684,0.2122612,7.194302,0.9781138,18.38012,4
GSM617542,2.629283,30.96651,2.803988,0.7913401,7.39042,20.15823,3.321552,17.258879999999998,7.545902000000001,0.2680528,3.298385,0.27869429999999995,5.900627,22.70096,20.16067,4
GSM617543,1.7085650000000001,24.86158,0.8745367000000001,1.6544849999999998,1.467891,1.246215,7.8919229999999985,1.789855,21.65924,3.436084,6.511627,0.5973196999999999,22.46631,1.367461,26.76124,4
GSM617544,9.053842999999999,15.86696,1.655948,3.077041,5.242486,8.748592,6.198531,3.612404,4.061918,38.65223,6.30301,1.871924,13.9814,19.574,22.46404,4
GSM617545,0.3815363,9.421703,0.716923,1.139401,2.587597,0.1064244,2.769197,0.8798809999999999,8.934694,1.6988419999999995,16.80782,0.04503223,7.3418990000000015,0.1001443,7.478378,4
GSM617546,16.816010000000002,15.880629999999998,1.1543370000000002,2.5845580000000004,3.79216,1.062889,24.92929,33.19123,22.2051,15.75704,20.6067,0.4188986,14.82796,6.3566129999999985,21.08594,4
GSM617547,0.3426245,13.26259,0.8089156,0.1299028,0.6487644,0.7272866,4.808362000000002,0.4732776,2.100707,26.85513,22.58516,0.1089796,1.369054,0.9752424,30.6482,4
GSM617548,12.52201,31.47424,10.5889,3.647764,25.21167,26.559690000000003,2.352015,9.680254,4.8896180000000005,5.9457309999999985,8.832569,0.5898211,6.23665,10.33821,26.14778,4
GSM617549,6.312542,17.10452,1.302518,0.3541078,6.892436,0.5161532999999999,1.037765,7.84617,0.5607171999999999,10.91968,1.274339,0.1073016,0.230347,0.9729224,22.3525,4
GSM617550,23.89002,12.83014,1.022236,0.4371222,6.6497160000000015,1.3541,3.789017,6.0018660000000015,1.4460620000000002,19.10316,10.41305,0.06039409,1.61446,0.5406935,26.23844,4
GSM617551,19.82531,28.1502,0.7955968000000001,1.080717,4.114319,21.72613,0.7055205,10.25614,5.005895,15.07206,19.31544,0.2580908,9.103534,28.52137,24.58657,4
GSM617552,0.3927406,23.36838,0.6591399,0.5247811,2.610032,20.44138,1.525084,0.3703557,4.479836,1.811497,2.058765,0.16109279999999998,3.3014120000000005,19.73852,15.527029999999998,4
GSM617553,10.64676,37.88502,6.656776,0.9013731,27.89751,9.534234,18.03324,7.200334,1.930651,50.46882,3.660412,0.6088904,2.803689,0.6882828000000001,16.67786,4
GSM617554,27.2471,18.86328,0.15884079999999998,0.3877127,0.07421035,0.2280951,0.205702,2.960859,0.2159369,29.74302,1.7020939999999998,0.05829668,0.02490145,0.3067904,14.46464,4
GSM617555,13.32378,22.692970000000006,0.6184772,1.188121,4.265798,25.545820000000006,6.657171000000001,0.5735964,7.26624,25.35801,11.26551,0.4055291,11.90573,2.143935,29.30087,4
GSM617556,2.228698,33.37592,1.467939,0.6537873000000001,10.9172,1.068632,30.43048,1.082953,0.7741724,4.532141,22.15947,0.06862282,1.718384,0.407303,18.84024,4
GSM617557,32.70811,21.70273,5.599309,0.30955900000000003,18.67495,24.77665,8.311069,18.76987,2.476545,18.76692,1.204008,0.2364022,4.921823000000002,5.8175870000000005,23.64383,4
GSM617558,1.1172440000000001,12.56968,1.750048,0.2153555,12.95953,0.2146873,3.781344,0.2616325,1.045565,0.9628599,16.13058,0.05902207,0.2015945,0.08470307,14.85964,4
GSM617559,0.09551236,11.58072,6.790817,0.5813195999999999,1.754341,0.1355266,0.7853254,0.163415,3.004754,0.5253748,0.17115650000000002,0.04088514,0.5336052,0.06013424,8.165699,4
GSM617560,28.05554,18.76298,0.8816406999999999,0.6222563,2.185041,16.37801,1.1395879999999998,16.93231,5.144205,7.502538,17.38158,0.1091765,3.850819,19.47618,21.92292,4
GSM617561,7.7845960000000005,18.22466,3.038844,0.8750268,3.272267,2.0933040000000003,8.835366,0.30195809999999995,33.20747,6.850391,6.851872,0.1153781,19.37089,11.83738,26.29624,4
GSM617562,0.353073,27.603990000000003,2.400163,20.82908,3.326886,0.458759,24.90676,0.3228906,47.46001,12.36344,1.050148,0.228913,27.96921,0.1485919,8.227866,4
GSM617563,1.360259,25.66277,1.042294,0.6715188,2.333939,3.690776,25.90353,11.49366,1.5604559999999998,24.28394,3.171987,0.09065362,1.197545,0.3541583,24.7345,4
GSM617564,8.792917999999998,17.02093,15.09447,4.9201169999999985,22.49527,14.792279999999998,30.84161,0.2951406,23.86176,6.36089,6.660467,0.1408369,17.12666,8.831703,20.71027,4
GSM617565,4.823891000000001,31.925590000000003,20.03952,3.147403,32.2834,18.81559,37.92701,0.688265,3.009814,1.404168,20.4722,3.394761,7.748242999999999,1.084808,24.55676,4
GSM617566,30.824820000000003,10.39061,17.74944,2.258188,30.67343,2.673897,20.03234,1.250751,4.082531,0.04511122,10.93355,0.108076,7.457793,18.52449,21.88183,4
GSM617567,0.6805366,21.27368,5.10217,1.4009969999999998,16.23149,4.411042,10.65334,1.04254,5.489734,20.5188,18.20721,0.1597349,0.9818563,0.4092167,15.566629999999998,4
GSM617568,31.15935,19.91344,0.8298982,0.7774949999999999,3.013557,15.47393,0.7119248,10.48325,3.213885,9.950285,21.69745,0.123652,3.198696,17.29113,21.61361,4
GSM617569,16.07891,13.422529999999998,19.99828,5.523052,35.71383,17.28489,18.51348,4.310932,16.2325,14.50556,2.506117,5.1386080000000005,13.92045,16.9657,25.84135,4
GSM617570,31.8012,13.69965,3.347475,1.156383,23.31533,5.174857,6.324667,5.283793,4.808598,23.07267,1.330349,0.1139339,3.313621,2.631225,13.60502,4
GSM617571,25.903489999999998,32.006820000000005,1.161033,1.207067,8.334644,0.0813734,0.15192809999999998,13.779520000000002,2.361005,23.1155,2.402732,0.1692823,0.3530228,0.07128897,9.850736,4
